SALE TYPE,SOLD DATE,PROPERTY TYPE,ADDRESS,CITY,STATE OR PROVINCE,ZIP OR POSTAL CODE,PRICE,BEDS,BATHS,LOCATION,SQUARE FEET,LOT SIZE,YEAR BUILT,DAYS ON MARKET,$/SQUARE FEET,HOA/MONTH,STATUS,NEXT OPEN HOUSE START TIME,NEXT OPEN HOUSE END TIME,URL (SEE https://www.redfin.com/buy-a-home/comparative-market-analysis FOR INFO ON PRICING),SOURCE,MLS#,FAVORITE,INTERESTED,LATITUDE,LONGITUDE
MLS Listing,,Condo/Co-op,152 Lombard St #507,San Francisco,CA,94111,1099000,2,2.0,San Francisco,1206,94533,1975,1,911,1285,Active,March-4-2023 02:00 PM,March-4-2023 04:00 PM,https://www.redfin.com/CA/San-Francisco/152-Lombard-St-94111/unit-507/home/1330360,San Francisco MLS,423723570,N,Y,37.8043962,-122.4041505
MLS Listing,,Condo/Co-op,3620 Cesar Chavez #104,San Francisco,CA,94110,699000,1,1.0,SAN FRANCISCO,743,,2020,8,941,495,Active,,,https://www.redfin.com/CA/San-Francisco/3620-Cesar-Chavez-94110/unit-104/home/171027295,MLSListings,ML81919357,N,Y,37.7483761,-122.4219282
MLS Listing,,Single Family Residential,45 Ney St,San Francisco,CA,94112,998000,3,2.0,San Francisco,1250,2495,1918,18,798,,Active,,,https://www.redfin.com/CA/San-Francisco/45-Ney-St-94112/home/1371342,San Francisco MLS,423720117,N,Y,37.7301531,-122.4292632
MLS Listing,,Condo/Co-op,1 Hawthorne St Unit 15B,San Francisco,CA,94105,630000,1,1.0,San Francisco,558,,2010,18,1129,849,Active,,,https://www.redfin.com/CA/San-Francisco/1-Hawthorne-St-94105/unit-15B/home/40399186,San Francisco MLS,423720184,N,Y,37.7857425,-122.3988969
MLS Listing,,Condo/Co-op,250 King St #812,San Francisco,CA,94107,724900,1,1.0,Mission Bay,888,213232,2004,19,816,862,Active,,,https://www.redfin.com/CA/San-Francisco/250-King-St-94107/unit-812/home/22889822,"bridgeMLS, Bay East AOR, or Contra Costa AOR",41017452,N,Y,37.7781222,-122.3932903
MLS Listing,,Single Family Residential,196 Ocean Ave,San Francisco,CA,94112,1995000,6,3.0,San Francisco,,3667,1904,1,,,Active,March-7-2023 02:00 PM,March-7-2023 04:00 PM,https://www.redfin.com/CA/San-Francisco/196-Ocean-Ave-94112/home/700373,San Francisco MLS,423723561,N,Y,37.7235758,-122.4407234
MLS Listing,,Condo/Co-op,2206 Vallejo St,San Francisco,CA,94123,1995000,2,2.0,San Francisco,1736,8270,1913,1,1149,,Active,March-4-2023 01:00 PM,March-4-2023 03:00 PM,https://www.redfin.com/CA/San-Francisco/2206-Vallejo-St-94123/home/1667040,BAREIS,423721900,N,Y,37.795671,-122.433865
MLS Listing,,Single Family Residential,958 Ingerson Ave,San Francisco,CA,94124,1300000,3,2.0,Bayview,1484,2500,1975,1,876,,Active,March-2-2023 05:00 PM,March-2-2023 07:00 PM,https://www.redfin.com/CA/San-Francisco/958-Ingerson-Ave-94124/home/743697,"bridgeMLS, Bay East AOR, or Contra Costa AOR",41020341,N,Y,37.7188296,-122.3921427
MLS Listing,,Condo/Co-op,10 Innes Ct #102,San Francisco,CA,94124,899000,3,2.0,San Francisco,1223,,2018,1,735,,Active,,,https://www.redfin.com/CA/San-Francisco/10-Innes-Ct-94124/unit-102/home/169576550,San Francisco MLS,423723935,N,Y,37.7280682,-122.3679965
MLS Listing,,Single Family Residential,2028 Leavenworth St,San Francisco,CA,94133,9500000,4,6.0,San Francisco,4816,1820,2017,1,1973,,Active,,,https://www.redfin.com/CA/San-Francisco/2028-Leavenworth-St-94133/home/960549,San Francisco MLS,423720072,N,Y,37.7998774,-122.4172673
MLS Listing,,Vacant Land,1947 Palou Ave,San Francisco,CA,94124,828000,,,San Francisco,,2495,,1,,,Active,,,https://www.redfin.com/CA/San-Francisco/1947-Palou-Ave-94124/home/946492,San Francisco MLS,423721412,N,Y,37.7375769,-122.3975556
MLS Listing,,Condo/Co-op,690 Market St #901,San Francisco,CA,94104,1785000,2,2.5,San Francisco,1735,11358,2007,1,1029,3298,Active,,,https://www.redfin.com/CA/San-Francisco/690-Market-St-94104/unit-901/home/12277375,San Francisco MLS,423724057,N,Y,37.7883046,-122.4032778
MLS Listing,,Condo/Co-op,1960 Broadway,San Francisco,CA,94109,11250000,3,4.5,San Francisco,4360,16869,,1,2580,5497,Active,,,https://www.redfin.com/CA/San-Francisco/1960-Broadway-94109/home/12395515,San Francisco MLS,423724157,N,Y,37.7951341,-122.4294052
MLS Listing,,Condo/Co-op,1310 Greenwich St #401,San Francisco,CA,94109,3395000,2,2.0,San Francisco,1912,2639,1924,1,1776,877,Active,March-4-2023 02:00 PM,March-4-2023 04:00 PM,https://www.redfin.com/CA/San-Francisco/1310-Greenwich-St-94109/unit-401/home/148072726,San Francisco MLS,423724023,N,Y,37.8009108,-122.4214232
MLS Listing,,Single Family Residential,2106 22nd Ave,San Francisco,CA,94116,2180000,3,3.0,San Francisco,2402,2345,1935,1,908,,Active,March-4-2023 01:00 PM,March-4-2023 04:30 PM,https://www.redfin.com/CA/San-Francisco/2106-22nd-Ave-94116/home/1022987,San Francisco MLS,423724108,N,Y,37.748308,-122.4791196
MLS Listing,,Single Family Residential,390 Somerset St,San Francisco,CA,94134,988888,2,1.0,San Francisco,1125,1751,1926,1,879,,Active,,,https://www.redfin.com/CA/San-Francisco/390-Somerset-St-94134/home/776192,San Francisco MLS,423724089,N,Y,37.7267441,-122.4078045
MLS Listing,,Multi-Family (2-4 Unit),1287 - 1291 3rd Ave,San Francisco,CA,94122,2095000,5,4.0,San Francisco,3416,2374,1907,1,613,,Active,March-5-2023 02:00 PM,March-5-2023 04:00 PM,https://www.redfin.com/CA/San-Francisco/1287-3rd-Ave-94122/home/625327,San Francisco MLS,423724066,N,Y,37.7645517,-122.4601894
MLS Listing,,Single Family Residential,336 North Wilde Ave,San Francisco,CA,94134,988888,2,1.0,San Francisco,1233,2500,1924,1,802,,Active,,,https://www.redfin.com/CA/San-Francisco/336-Wilde-Ave-94134/home/1471922,San Francisco MLS,423724059,N,Y,37.7168121,-122.4034327
MLS Listing,,Condo/Co-op,3230 Washington St,San Francisco,CA,94115,1800000,3,2.0,San Francisco,1618,2565,1904,1,1112,300,Active,March-2-2023 05:00 PM,March-2-2023 06:00 PM,https://www.redfin.com/CA/San-Francisco/3230-Washington-St-94115/home/40628984,San Francisco MLS,423721417,N,Y,37.7901868,-122.4464685
MLS Listing,,Condo/Co-op,1100 Union St #900,San Francisco,CA,94109,4250000,3,3.5,San Francisco,2600,,1916,1,1635,2940,Active,,,https://www.redfin.com/CA/San-Francisco/1100-Union-St-94109/unit-0900/home/12399881,San Francisco MLS,423722474,N,Y,37.7996259,-122.4176586
MLS Listing,,Multi-Family (2-4 Unit),1250 Chestnut St,San Francisco,CA,94109,2849000,5,3.0,San Francisco,3772,3711,1923,1,755,,Active,,,https://www.redfin.com/CA/San-Francisco/1250-Chestnut-St-94109/home/1078597,San Francisco MLS,423724034,N,Y,37.8026763,-122.4238736
MLS Listing,,Single Family Residential,17 25th Avenue North,San Francisco,CA,94121,6875000,5,4.5,San Francisco,4805,2500,1920,1,1431,,Active,,,https://www.redfin.com/CA/San-Francisco/17-25th-Ave-94121/home/1846998,San Francisco MLS,423723249,N,Y,37.7893255,-122.4860463
MLS Listing,,Multi-Family (2-4 Unit),1118 - 1120 Capitol Ave,San Francisco,CA,94112,1995000,9,2.0,San Francisco,3475,2813,1907,1,574,,Active,,,https://www.redfin.com/CA/San-Francisco/1118-Capitol-Ave-94112/home/1142365,San Francisco MLS,423724021,N,Y,37.722238,-122.4589867
MLS Listing,,Multi-Family (5+ Unit),728 Page St,San Francisco,CA,94117,2000000,0,,San Francisco,5550,3319,1912,1,360,,Active,,,https://www.redfin.com/CA/San-Francisco/728-Page-St-94117/home/1979371,San Francisco MLS,423724016,N,Y,37.7730249,-122.4328781
MLS Listing,,Condo/Co-op,262 Frederick St #5,San Francisco,CA,94117,1495000,2,2.0,San Francisco,1344,2498,1903,1,1112,476,Active,,,https://www.redfin.com/CA/San-Francisco/262-Frederick-St-94117/unit-5/home/1444054,San Francisco MLS,423721208,N,Y,37.767306,-122.447539
MLS Listing,,Condo/Co-op,1456 Jefferson St,San Francisco,CA,94123,3125000,3,3.0,San Francisco,2676,,1935,1,1168,1157,Active,,,https://www.redfin.com/CA/San-Francisco/1456-Jefferson-St-94123/home/846709,San Francisco MLS,423723990,N,Y,37.8057147,-122.4365688
MLS Listing,,Condo/Co-op,1669 Grove St,San Francisco,CA,94117,1499000,3,1.0,San Francisco,1345,3436,1890,1,1114,310,Active,,,https://www.redfin.com/CA/San-Francisco/1669-Grove-St-94117/home/40135245,San Francisco MLS,423723869,N,Y,37.7750173,-122.444049
MLS Listing,,Single Family Residential,875 Francisco St,San Francisco,CA,94109,8495000,4,4.5,San Francisco,6330,3576,1915,1,1342,,Active,February-28-2023 05:00 PM,February-28-2023 07:00 PM,https://www.redfin.com/CA/San-Francisco/875-Francisco-St-94109/home/949892,San Francisco MLS,423723566,N,Y,37.8036803,-122.419539
MLS Listing,,Condo/Co-op,3229 Broderick St,San Francisco,CA,94123,3795000,3,3.5,San Francisco,2533,3438,1925,1,1498,,Active,March-5-2023 02:00 PM,March-5-2023 04:00 PM,https://www.redfin.com/CA/San-Francisco/3229-Broderick-St-94123/home/184536085,San Francisco MLS,423720679,N,Y,37.8002626,-122.444435
MLS Listing,,Condo/Co-op,246 2nd St #1404,San Francisco,CA,94105,750000,1,1.0,San Francisco,644,12933,2000,1,1165,578,Active,March-4-2023 02:00 PM,March-4-2023 04:00 PM,https://www.redfin.com/CA/San-Francisco/246-2nd-St-94105/unit-1404/home/959610,San Francisco MLS,423722657,N,Y,37.7858817,-122.3974144
MLS Listing,,Condo/Co-op,238 Willard North St,San Francisco,CA,94118,1150000,3,1.5,San Francisco,,4242,1900,1,,,Active,March-1-2023 11:30 AM,March-1-2023 01:00 PM,https://www.redfin.com/CA/San-Francisco/238-Willard-N-94118/home/184536084,San Francisco MLS,423723859,N,Y,37.7762481,-122.4564272
MLS Listing,,Multi-Family (2-4 Unit),2337 Judah St,San Francisco,CA,94122,1600000,4,0.5,San Francisco,2383,2375,1945,1,671,,Active,,,https://www.redfin.com/CA/San-Francisco/2337-Judah-St-94122/home/69371788,San Francisco MLS,423722666,N,Y,37.7610244,-122.4872865
MLS Listing,,Condo/Co-op,225 9th St Unit C,San Francisco,CA,94103,550000,2,1.0,San Francisco,606,1999,1910,1,908,315,Active,,,https://www.redfin.com/CA/San-Francisco/225-9th-St-94103/unit-C/home/12108390,San Francisco MLS,423723709,N,Y,37.7747892,-122.4126214
MLS Listing,,Condo/Co-op,236 Willard North St,San Francisco,CA,94118,1050000,3,1.5,San Francisco,,4242,1900,1,,,Active,March-1-2023 11:30 AM,March-1-2023 01:00 PM,https://www.redfin.com/CA/San-Francisco/236-N-Willard-St-94118/home/1999578,San Francisco MLS,423723849,N,Y,37.7762689,-122.4562168
MLS Listing,,Condo/Co-op,4027 23rd St,San Francisco,CA,94114,1799000,3,2.0,SAN FRANCISCO,1822,,1912,2,987,736,Active,March-4-2023 02:00 PM,March-4-2023 04:00 PM,https://www.redfin.com/CA/San-Francisco/4027-23rd-St-94114/home/110052254,MLSListings,ML81919952,N,Y,37.7527901,-122.4326286
MLS Listing,,Condo/Co-op,2238 Market St #201,San Francisco,CA,94114,1195000,2,2.0,San Francisco,1191,,,2,1003,780,Active,,,https://www.redfin.com/CA/San-Francisco/2238-Market-St-94114/unit-201/home/184535737,San Francisco MLS,423723943,N,Y,37.7652508,-122.4321463
MLS Listing,,Single Family Residential,787 Pacheco St,San Francisco,CA,94116,1395000,2,1.0,San Francisco,1225,2378,1947,2,1139,,Active,,,https://www.redfin.com/CA/San-Francisco/787-Pacheco-St-94116/home/1360189,San Francisco MLS,423723413,N,Y,37.7526526,-122.4691255
MLS Listing,,Condo/Co-op,1501 Filbert St Unit 4C,San Francisco,CA,94123,1500000,2,2.0,San Francisco,1130,10900,2014,2,1327,865,Active,March-4-2023 01:00 PM,March-4-2023 04:00 PM,https://www.redfin.com/CA/San-Francisco/1501-Filbert-St-94123/unit-4C/home/110051365,BAREIS,423718710,N,Y,37.7991911,-122.4245164
MLS Listing,,Condo/Co-op,1322 Vallejo St,San Francisco,CA,94109,739000,2,1.0,San Francisco,835,2360,1908,3,885,286,Active,,,https://www.redfin.com/CA/San-Francisco/1322-Vallejo-St-94109/home/184533513,San Francisco MLS,423723897,N,Y,37.7974803,-122.4192291
MLS Listing,,Single Family Residential,127 Moffitt St,San Francisco,CA,94131,1695000,3,2.0,San Francisco,1923,3881,1951,3,881,,Active,March-4-2023 02:00 PM,March-4-2023 04:00 PM,https://www.redfin.com/CA/San-Francisco/127-Moffitt-St-94131/home/809239,San Francisco MLS,423723305,N,Y,37.7373461,-122.433207
MLS Listing,,Condo/Co-op,401 Harrison St Unit 11F,San Francisco,CA,94105,1498000,2,2.0,SAN FRANCISCO,1240,,2014,4,1208,1527,Active,March-5-2023 11:00 AM,March-5-2023 01:00 PM,https://www.redfin.com/CA/San-Francisco/401-Harrison-St-94105/unit-11F/home/144063883,MLSListings,ML81919900,N,Y,37.7863747,-122.3919931
MLS Listing,,Single Family Residential,3817 Folsom St,San Francisco,CA,94110,2295000,4,3.0,San Francisco,2088,1751,1923,4,1099,,Active,March-4-2023 02:00 PM,March-4-2023 04:00 PM,https://www.redfin.com/CA/San-Francisco/3817-Folsom-St-94110/home/184517250,San Francisco MLS,423722850,N,Y,37.7386924,-122.4131786
MLS Listing,,Condo/Co-op,3583 Sacramento St,San Francisco,CA,94118,1995000,3,2.0,San Francisco,,,1907,4,,283,Active,March-2-2023 05:00 PM,March-2-2023 06:00 PM,https://www.redfin.com/CA/San-Francisco/3583-Sacramento-St-94118/home/855741,BAREIS,423723596,N,Y,37.7874639,-122.451542
MLS Listing,,Condo/Co-op,955 Clayton St #4,San Francisco,CA,94117,1550000,2,2.0,San Francisco,1479,8397,1904,4,1048,375,Active,,,https://www.redfin.com/CA/San-Francisco/955-Clayton-St-94117/unit-4/home/184516328,San Francisco MLS,423723192,N,Y,37.7642979,-122.447606
MLS Listing,,Condo/Co-op,624 - A Guerrero St,San Francisco,CA,94110,1195000,2,1.5,San Francisco,1204,3500,1906,4,993,370,Active,March-1-2023 05:00 PM,March-1-2023 06:00 PM,https://www.redfin.com/CA/San-Francisco/624-Guerrero-St-94110/home/1565139,San Francisco MLS,423723691,N,Y,37.7610673,-122.4240632
MLS Listing,,Condo/Co-op,1825 Turk St #2,San Francisco,CA,94115,1275000,3,2.0,San Francisco,1272,4903,1988,4,1002,600,Active,March-1-2023 02:00 PM,March-1-2023 05:00 PM,https://www.redfin.com/CA/San-Francisco/1825-Turk-St-94115/unit-2/home/592738,San Francisco MLS,423722569,N,Y,37.7792854,-122.4395676
MLS Listing,,Single Family Residential,486 Ralston St,San Francisco,CA,94132,998950,2,1.0,San Francisco,1100,2495,1925,4,908,,Active,,,https://www.redfin.com/CA/San-Francisco/486-Ralston-St-94132/home/822166,San Francisco MLS,423723718,N,Y,37.721227,-122.4687717
MLS Listing,,Single Family Residential,10 Seal Rock Dr,San Francisco,CA,94121,1058000,2,3.0,San Francisco,1480,1968,1941,4,715,,Active,March-5-2023 02:00 PM,March-5-2023 04:00 PM,https://www.redfin.com/CA/San-Francisco/10-Seal-Rock-Dr-94121/home/1289739,San Francisco MLS,423722549,N,Y,37.780995,-122.5066325
MLS Listing,,Condo/Co-op,320 30th Ave,San Francisco,CA,94121,2080000,3,3.5,Outer Richmond,1771,3000,2023,4,1174,,Active,,,https://www.redfin.com/CA/San-Francisco/320-30th-Ave-94121/home/184511514,"bridgeMLS, Bay East AOR, or Contra Costa AOR",41020113,N,Y,37.7832031,-122.4901194
MLS Listing,,Condo/Co-op,318 30th Ave,San Francisco,CA,94121,2290000,3,3.5,Outer Richmond,2334,3000,2023,4,981,,Active,,,https://www.redfin.com/CA/San-Francisco/318-30th-Ave-94121/home/2021165,"bridgeMLS, Bay East AOR, or Contra Costa AOR",41020112,N,Y,37.7832355,-122.4900627
MLS Listing,,Condo/Co-op,2363 Larkin St #31,San Francisco,CA,94109,950000,1,1.0,San Francisco,840,4952,1923,4,1131,1044,Active,,,https://www.redfin.com/CA/San-Francisco/2363-Larkin-St-94109/unit-31/home/1991722,San Francisco MLS,423716934,N,Y,37.799728,-122.4211982
MLS Listing,,Single Family Residential,22 Caine Ave,San Francisco,CA,94112,988000,2,1.0,San Francisco,1226,2500,1912,4,806,,Active,,,https://www.redfin.com/CA/San-Francisco/22-Caine-Ave-94112/home/823814,San Francisco MLS,423721984,N,Y,37.7178789,-122.4503398
MLS Listing,,Multi-Family (2-4 Unit),1225 - 1229 Rhode Island St,San Francisco,CA,94107,1769000,5,2.0,San Francisco,2119,2500,1911,4,835,,Active,,,https://www.redfin.com/CA/San-Francisco/1225-Rhode-Island-St-94107/home/1597993,MetroList,423723651,N,Y,37.7541894,-122.4012409
MLS Listing,,Condo/Co-op,115 Plymouth Ave Unit C,San Francisco,CA,94112,948000,4,2.0,San Francisco,2240,3500,2022,4,423,805,Active,March-4-2023 01:00 PM,March-4-2023 04:00 PM,https://www.redfin.com/CA/San-Francisco/115-Plymouth-Ave-94112/unit-C/home/182042478,San Francisco MLS,423723657,N,Y,37.711947,-122.4562114
MLS Listing,,Condo/Co-op,1388 Gough St #903,San Francisco,CA,94109,1065000,2,2.0,San Francisco,1192,25061,1993,4,893,1498,Active,,,https://www.redfin.com/CA/San-Francisco/1388-Gough-St-94109/unit-903/home/2018205,San Francisco MLS,423723545,N,Y,37.7859193,-122.4244722
MLS Listing,,Condo/Co-op,115 Plymouth Ave Unit B,San Francisco,CA,94112,828000,3,2.0,San Francisco,1120,3500,2022,4,739,500,Active,March-4-2023 01:00 PM,March-4-2023 04:00 PM,https://www.redfin.com/CA/San-Francisco/115-Plymouth-Ave-94112/unit-B/home/182506744,San Francisco MLS,423723625,N,Y,37.711947,-122.4562114
MLS Listing,,Single Family Residential,745 27th Ave,San Francisco,CA,94121,2748000,4,4.0,San Francisco,2227,3118,1924,4,1234,,Active,March-4-2023 02:00 PM,March-4-2023 04:00 PM,https://www.redfin.com/CA/San-Francisco/745-27th-Ave-94121/home/1278992,San Francisco MLS,423723628,N,Y,37.775399,-122.486873
MLS Listing,,Condo/Co-op,2655 Bush St #203,San Francisco,CA,94115,1295000,2,2.0,San Francisco,1288,33520,2017,4,1005,978,Active,,,https://www.redfin.com/CA/San-Francisco/2655-Bush-St-94115/unit-203/home/144064059,San Francisco MLS,423723621,N,Y,37.7860549,-122.4402246
MLS Listing,,Single Family Residential,483 Tehama St,San Francisco,CA,94103,1495000,2,2.0,San Francisco,6100,2000,1926,4,245,,Active,,,https://www.redfin.com/CA/San-Francisco/483-Tehama-St-94103/home/184507296,San Francisco MLS,423722233,N,Y,37.7795718,-122.4060942
MLS Listing,,Single Family Residential,170 Vasquez Ave,San Francisco,CA,94127,2595000,4,3.5,San Francisco,2360,6002,1941,4,1100,,Active,,,https://www.redfin.com/CA/San-Francisco/170-Vasquez-Ave-94127/home/682355,San Francisco MLS,423723544,N,Y,37.7444349,-122.4606342
MLS Listing,,Multi-Family (5+ Unit),888 Union St,San Francisco,CA,94133,4200000,0,,San Francisco,10070,5323,1910,4,417,,Active,March-2-2023 01:00 PM,March-2-2023 02:00 PM,https://www.redfin.com/CA/San-Francisco/888-Union-St-94133/home/1578020,San Francisco MLS,423723605,N,Y,37.8000446,-122.413901
MLS Listing,,Single Family Residential,197 Goethe St,San Francisco,CA,94112,989000,3,3.0,SAN FRANCISCO,1208,3333,1922,4,819,,Active,March-5-2023 02:30 PM,March-5-2023 04:00 PM,https://www.redfin.com/CA/San-Francisco/197-Goethe-St-94112/home/834799,MLSListings,ML81919803,N,Y,37.7094152,-122.4606187
MLS Listing,,Multi-Family (2-4 Unit),1125 - 1129 Clay St,San Francisco,CA,94108,2295000,4,3.5,San Francisco,2316,1271,1910,4,991,,Active,,,https://www.redfin.com/CA/San-Francisco/1125-Clay-St-94108/home/1322080,San Francisco MLS,423722877,N,Y,37.793469,-122.4117367
MLS Listing,,Condo/Co-op,333 Main St Unit 6E,San Francisco,CA,94105,1498888,2,2.0,San Francisco,1366,,2008,4,1097,1245,Active,March-1-2023 11:30 AM,March-1-2023 01:00 PM,https://www.redfin.com/CA/San-Francisco/333-Main-St-94105/unit-6E/home/21966979,San Francisco MLS,423723598,N,Y,37.7891307,-122.3910195
MLS Listing,,Condo/Co-op,115 Plymouth Ave Unit A,San Francisco,CA,94112,828000,3,2.0,San Francisco,1120,3500,2022,4,739,500,Active,March-4-2023 01:00 PM,March-4-2023 04:00 PM,https://www.redfin.com/CA/San-Francisco/115-Plymouth-Ave-94112/unit-A/home/182479145,San Francisco MLS,423723577,N,Y,37.711947,-122.4562114
MLS Listing,,Multi-Family (5+ Unit),1073 - 1077 South Van Ness Ave,San Francisco,CA,94110,2800000,8,4.0,San Francisco,5880,3675,1900,4,476,,Active,,,https://www.redfin.com/CA/San-Francisco/1073-S-Van-Ness-Ave-94110/home/1494949,San Francisco MLS,423723559,N,Y,37.7560606,-122.4162568
MLS Listing,,Condo/Co-op,403 Main St #520,San Francisco,CA,94105,1175000,2,2.0,San Francisco,1083,29037,1997,4,1085,903,Active,,,https://www.redfin.com/CA/San-Francisco/403-Main-St-94105/unit-520/home/182691360,San Francisco MLS,423723429,N,Y,37.7880767,-122.3896032
MLS Listing,,Condo/Co-op,1644 Alabama St,San Francisco,CA,94110,1195000,2,2.0,San Francisco,984,2750,1900,4,1214,100,Active,March-5-2023 02:00 PM,March-5-2023 04:00 PM,https://www.redfin.com/CA/San-Francisco/1644-Alabama-St-94110/home/147544617,San Francisco MLS,423718984,N,Y,37.7461912,-122.4107193
MLS Listing,,Condo/Co-op,1878 Bush St,San Francisco,CA,94109,2200000,3,2.0,San Francisco,1718,3781,1900,4,1281,,Active,March-4-2023 11:00 AM,March-4-2023 03:00 PM,https://www.redfin.com/CA/San-Francisco/1878-Bush-St-94109/home/184507999,BAREIS,423723573,N,Y,37.7878187,-122.4281815
MLS Listing,,Single Family Residential,150 Rutledge St,San Francisco,CA,94110,1648000,3,2.0,San Francisco,1374,1746,1959,4,1199,,Active,,,https://www.redfin.com/CA/San-Francisco/150-Rutledge-St-94110/home/1558762,San Francisco MLS,423723316,N,Y,37.7455052,-122.4070515
MLS Listing,,Condo/Co-op,2811 Market St,San Francisco,CA,94114,695000,0,1.0,San Francisco,601,,1922,4,1156,300,Active,March-5-2023 11:00 AM,March-5-2023 01:00 PM,https://www.redfin.com/CA/San-Francisco/2811-Market-St-94114/home/1462462,San Francisco MLS,423723531,N,Y,37.761176,-122.4395776
MLS Listing,,Condo/Co-op,467 Duboce Ave Unit A,San Francisco,CA,94117,1595000,2,2.0,San Francisco,1195,,1900,4,1335,260,Active,March-5-2023 02:00 PM,March-5-2023 04:00 PM,https://www.redfin.com/CA/San-Francisco/467-Duboce-Ave-94117/unit-A/home/69054891,San Francisco MLS,423722055,N,Y,37.7691852,-122.430613
MLS Listing,,Single Family Residential,101 Teresita Blvd,San Francisco,CA,94127,2295000,3,3.0,San Francisco,2250,3467,,4,1020,,Active,March-2-2023 04:30 PM,March-2-2023 06:00 PM,https://www.redfin.com/CA/San-Francisco/101-Teresita-Blvd-94127/home/1526018,San Francisco MLS,423721418,N,Y,37.7436169,-122.4512722
MLS Listing,,Single Family Residential,3154 Baker St,San Francisco,CA,94123,2650000,3,2.5,San Francisco,,,1926,4,,,Active,,,https://www.redfin.com/CA/San-Francisco/3154-Baker-St-94123/home/581977,San Francisco MLS,423720614,N,Y,37.8002542,-122.4460688
MLS Listing,,Condo/Co-op,1876 Bush St,San Francisco,CA,94109,2900000,3,2.0,San Francisco,2301,3781,1900,4,1260,,Active,March-4-2023 11:00 AM,March-4-2023 03:00 PM,https://www.redfin.com/CA/San-Francisco/1876-Bush-St-94109/home/184507238,BAREIS,423723336,N,Y,37.7879404,-122.4281553
MLS Listing,,Condo/Co-op,350 Church St Unit J,San Francisco,CA,94114,1195000,1,1.0,San Francisco,830,18656,1981,4,1440,713,Active,,,https://www.redfin.com/CA/San-Francisco/350-Church-St-94114/unit-J/home/707313,San Francisco MLS,423723125,N,Y,37.765062,-122.429077
MLS Listing,,Condo/Co-op,1354 46th Ave,San Francisco,CA,94122,1299000,5,2.0,San Francisco,1704,3000,1915,4,762,200,Active,March-5-2023 02:00 PM,March-5-2023 04:00 PM,https://www.redfin.com/CA/San-Francisco/1354-46th-Ave-94122/home/184506960,San Francisco MLS,423722455,N,Y,37.761266,-122.5057498
MLS Listing,,Condo/Co-op,1236 Willard St,San Francisco,CA,94117,1195000,3,1.5,San Francisco,1270,2625,1900,4,941,200,Active,,,https://www.redfin.com/CA/San-Francisco/1236-Willard-St-94117/home/108981791,San Francisco MLS,423723476,N,Y,37.7656717,-122.4543198
MLS Listing,,Condo/Co-op,1001 California St #7,San Francisco,CA,94108,6350000,2,2.5,San Francisco,2980,4693,1914,4,2131,4869,Active,,,https://www.redfin.com/CA/San-Francisco/1001-California-St-94108/unit-7/home/550937,San Francisco MLS,423722703,N,Y,37.7916073,-122.4110437
MLS Listing,,Single Family Residential,200 Darien Way,San Francisco,CA,94127,2099000,4,4.0,San Francisco,2332,3589,1926,4,900,38,Active,March-4-2023 01:00 PM,March-4-2023 04:00 PM,https://www.redfin.com/CA/San-Francisco/200-Darien-Way-94127/home/1549510,"bridgeMLS, Bay East AOR, or Contra Costa AOR",41020064,N,Y,37.7317604,-122.4693909
MLS Listing,,Condo/Co-op,3310 Mission St #4,San Francisco,CA,94110,1395000,2,2.0,San Francisco,1398,4573,2022,4,998,604,Active,,,https://www.redfin.com/CA/San-Francisco/3310-Mission-St-94110/unit-4/home/179958059,San Francisco MLS,423723493,N,Y,37.7437863,-122.421382
MLS Listing,,Condo/Co-op,5056 Diamond Heights Blvd,San Francisco,CA,94131,945000,2,2.0,San Francisco,1052,9763,1963,4,898,621,Active,,,https://www.redfin.com/CA/San-Francisco/5056-Diamond-Heights-Blvd-94131/home/184505997,San Francisco MLS,423721858,N,Y,37.7464541,-122.4437551
MLS Listing,,Condo/Co-op,280 Spear St Unit 26A,San Francisco,CA,94105,1990000,2,2.0,San Francisco,1551,47916,2022,4,1283,1495,Active,,,https://www.redfin.com/CA/San-Francisco/280-Spear-St-94105/unit-26A/home/184505831,San Francisco MLS,423723549,N,Y,37.7901615,-122.3913352
MLS Listing,,Condo/Co-op,3326 California St #1,San Francisco,CA,94118,1345000,2,2.0,San Francisco,1180,3646,2000,4,1140,503,Active,March-4-2023 02:00 PM,March-4-2023 04:00 PM,https://www.redfin.com/CA/San-Francisco/3326-California-St-94118/unit-1/home/852376,San Francisco MLS,422710060,N,Y,37.7871586,-122.4494333
MLS Listing,,Condo/Co-op,5020 Mission St #4,San Francisco,CA,94112,995000,4,2.0,San Francisco,1515,2624,2004,4,657,575,Active,,,https://www.redfin.com/CA/San-Francisco/5020-Mission-St-94112/unit-4/home/1206617,San Francisco MLS,423723258,N,Y,37.7182437,-122.44004
MLS Listing,,Condo/Co-op,2130 Sutter St Unit B,San Francisco,CA,94115,1498000,2,2.0,San Francisco,1325,3761,1890,4,1131,410,Active,,,https://www.redfin.com/CA/San-Francisco/2130-Sutter-St-94115/unit-B/home/1823803,San Francisco MLS,423723029,N,Y,37.7859915,-122.4354933
MLS Listing,,Condo/Co-op,2829 Steiner St #2,San Francisco,CA,94123,2149000,2,2.5,San Francisco,1454,3025,1956,4,1478,558,Active,March-5-2023 02:00 PM,March-5-2023 04:00 PM,https://www.redfin.com/CA/San-Francisco/2829-Steiner-St-94123/unit-2/home/12173624,San Francisco MLS,422713172,N,Y,37.7954349,-122.4371469
MLS Listing,,Condo/Co-op,624 - 626 Castro St #626,San Francisco,CA,94114,1795000,3,1.5,San Francisco,1746,3624,1925,4,1028,325,Active,,,https://www.redfin.com/CA/San-Francisco/624-Castro-St-94114/unit-626/home/184479921,San Francisco MLS,423722923,N,Y,37.7587723,-122.4352023
MLS Listing,,Multi-Family (2-4 Unit),261 17th Ave,San Francisco,CA,94121,2998888,5,4.5,San Francisco,3560,3000,1998,4,842,,Active,March-4-2023 02:00 PM,March-4-2023 04:00 PM,https://www.redfin.com/CA/San-Francisco/261-17th-Ave-94121/home/1764932,San Francisco MLS,423723484,N,Y,37.7831081,-122.4766875
MLS Listing,,Multi-Family (5+ Unit),1454 South Van Ness Ave,San Francisco,CA,94110,4790000,15,8.0,San Francisco,5697,2844,1960,5,841,,Active,,,https://www.redfin.com/CA/San-Francisco/1454-S-Van-Ness-Ave-94110/home/1265411,San Francisco MLS,423723518,N,Y,37.7498902,-122.4163976
MLS Listing,,Condo/Co-op,1515 15th St #510,San Francisco,CA,94103,1195000,2,1.0,San Francisco,946,14125,2014,5,1263,678,Active,,,https://www.redfin.com/CA/San-Francisco/1515-15th-St-94103/unit-510/home/110051850,San Francisco MLS,423723105,N,Y,37.7665977,-122.4181501
MLS Listing,,Condo/Co-op,950 Tennessee St #317,San Francisco,CA,94107,579000,0,1.0,San Francisco,432,,2020,5,1340,436,Active,,,https://www.redfin.com/CA/San-Francisco/950-Tennessee-St-94107/unit-317/home/169789925,San Francisco MLS,423723442,N,Y,37.7596747,-122.3898245
MLS Listing,,Multi-Family (2-4 Unit),1156 - 1158 Geneva Ave,San Francisco,CA,94112,925000,2,,San Francisco,1950,2495,1925,5,474,,Active,,,https://www.redfin.com/CA/San-Francisco/1156-Geneva-Ave-94112/home/184475821,San Francisco MLS,423723403,N,Y,37.7143069,-122.4370947
MLS Listing,,Single Family Residential,1473 Hudson Ave,San Francisco,CA,94124,1595000,4,4.0,San Francisco,2745,2996,1933,5,581,,Active,,,https://www.redfin.com/CA/San-Francisco/1473-Hudson-Ave-94124/home/1293132,San Francisco MLS,423723451,N,Y,37.7385214,-122.3859962
MLS Listing,,Condo/Co-op,1415 San Bruno Ave Unit A,San Francisco,CA,94110,1199000,2,2.0,San Francisco,1116,2495,1900,5,1074,150,Active,,,https://www.redfin.com/CA/San-Francisco/1415-San-Bruno-Ave-94110/unit-A/home/180410694,San Francisco MLS,423723262,N,Y,37.7514017,-122.4039969
MLS Listing,,Condo/Co-op,1415 San Bruno Ave,San Francisco,CA,94110,1299000,3,2.0,San Francisco,1126,2495,1900,5,1154,150,Active,,,https://www.redfin.com/CA/San-Francisco/1415-San-Bruno-Ave-94110/home/1928725,San Francisco MLS,423723286,N,Y,37.7514017,-122.4039969
MLS Listing,,Condo/Co-op,88 King St #124,San Francisco,CA,94107,1299000,2,2.5,San Francisco,1362,82157,2000,5,954,1216,Active,,,https://www.redfin.com/CA/San-Francisco/88-King-St-94107/unit-124/home/1762005,San Francisco MLS,423719195,N,Y,37.7806052,-122.3892138
MLS Listing,,Condo/Co-op,1583 Dolores St,San Francisco,CA,94110,1349000,2,1.0,San Francisco,1432,2500,1900,5,942,318,Active,March-5-2023 02:00 PM,March-5-2023 04:00 PM,https://www.redfin.com/CA/San-Francisco/1583-Dolores-St-94110/home/40138922,San Francisco MLS,423719199,N,Y,37.7441347,-122.4240961
MLS Listing,,Single Family Residential,1457 Hudson Ave,San Francisco,CA,94124,1599999,5,3.0,SAN FRANCISCO,1785,2996,1912,5,896,,Active,,,https://www.redfin.com/CA/San-Francisco/1457-Hudson-Ave-94124/home/1993648,MLSListings,ML81919730,N,Y,37.7383794,-122.3857307
MLS Listing,,Single Family Residential,559 Texas St,San Francisco,CA,94107,998000,0,1.0,San Francisco,1050,2495,1900,5,950,,Active,,,https://www.redfin.com/CA/San-Francisco/559-Texas-St-94107/home/2034431,San Francisco MLS,423723356,N,Y,37.7593192,-122.3950135
MLS Listing,,Single Family Residential,525 Gennessee St,San Francisco,CA,94127,1859000,4,3.0,San Francisco,1950,2500,1926,5,953,,Active,,,https://www.redfin.com/CA/San-Francisco/525-Gennessee-St-94127/home/1334574,San Francisco MLS,422713096,N,Y,37.7327349,-122.4513793
MLS Listing,,Single Family Residential,1355 35th Ave,San Francisco,CA,94122,1799000,6,4.0,San Francisco,2445,2996,1927,5,736,,Active,,,https://www.redfin.com/CA/San-Francisco/1355-35th-Ave-94122/home/1765532,San Francisco MLS,423723367,N,Y,37.761764,-122.4945068
MLS Listing,,Multi-Family (2-4 Unit),1927 - 1929 Taraval St,San Francisco,CA,94116,1980000,4,,San Francisco,4812,2500,1987,5,411,,Active,,,https://www.redfin.com/CA/San-Francisco/1927-Taraval-St-94116/home/40540179,San Francisco MLS,422708464,N,Y,37.7423992,-122.4869389
MLS Listing,,Condo/Co-op,2242 Judah St,San Francisco,CA,94122,1200000,3,2.0,San Francisco,,1873,1945,5,,,Active,March-4-2023 01:00 PM,March-4-2023 04:00 PM,https://www.redfin.com/CA/San-Francisco/2242-Judah-St-94122/home/184473796,San Francisco MLS,423723334,N,Y,37.7614636,-122.4862766
MLS Listing,,Single Family Residential,156 Moffitt St,San Francisco,CA,94131,995000,3,1.0,San Francisco,987,2500,1950,5,1008,,Active,,,https://www.redfin.com/CA/San-Francisco/156-Moffitt-St-94131/home/844913,San Francisco MLS,423723285,N,Y,37.7380012,-122.4335968
MLS Listing,,Multi-Family (5+ Unit),225 Downey St,San Francisco,CA,94117,2400000,5,,San Francisco,4752,2000,1911,5,505,,Active,,,https://www.redfin.com/CA/San-Francisco/225-Downey-St-94117/home/1732137,San Francisco MLS,423723288,N,Y,37.7649,-122.4468786
MLS Listing,,Single Family Residential,132 Britton St,San Francisco,CA,94134,998888,3,1.0,SAN FRANCISCO,1866,4153,1923,5,535,,Active,March-1-2023 03:00 PM,March-1-2023 05:00 PM,https://www.redfin.com/CA/San-Francisco/132-Britton-St-94134/home/888021,MLSListings,ML81919668,N,Y,37.7121857,-122.4130348
MLS Listing,,Single Family Residential,36 Brunswick St,San Francisco,CA,94112,1495000,3,3.5,San Francisco,1870,1799,1916,5,799,,Active,,,https://www.redfin.com/CA/San-Francisco/36-Brunswick-St-94112/home/1647268,San Francisco MLS,423722046,N,Y,37.7119921,-122.4387668
MLS Listing,,Condo/Co-op,708 Long Bridge St #306,San Francisco,CA,94158,1739000,2,2.0,San Francisco,1425,84866,2016,5,1220,1410,Active,,,https://www.redfin.com/CA/San-Francisco/708-Long-Bridge-St-94158/unit-306/home/109315208,San Francisco MLS,422710633,N,Y,37.772094,-122.393719
MLS Listing,,Condo/Co-op,115 Carl St #6,San Francisco,CA,94117,665000,1,1.0,San Francisco,531,3611,1964,5,1252,376,Active,,,https://www.redfin.com/CA/San-Francisco/115-Carl-St-94117/unit-6/home/18245233,San Francisco MLS,423723189,N,Y,37.7655847,-122.4504283
MLS Listing,,Condo/Co-op,149 Albion St,San Francisco,CA,94110,2649000,3,2.5,San Francisco,1840,3263,2015,5,1440,869,Active,March-1-2023 04:00 PM,March-1-2023 06:00 PM,https://www.redfin.com/CA/San-Francisco/149-Albion-St-94110/home/110052256,San Francisco MLS,423715785,N,Y,37.7640979,-122.4225034
MLS Listing,,Single Family Residential,2 Mercedes Way,San Francisco,CA,94127,4375000,7,8.0,San Francisco,6459,9726,1931,5,677,3,Active,,,https://www.redfin.com/CA/San-Francisco/2-Mercedes-Way-94127/home/813259,San Francisco MLS,423722354,N,Y,37.726554,-122.4714251
MLS Listing,,Single Family Residential,257 Montana St,San Francisco,CA,94112,998888,3,1.0,SAN FRANCISCO,986,3938,1907,5,1013,,Active,,,https://www.redfin.com/CA/San-Francisco/257-Montana-St-94112/home/28939372,MLSListings,ML81918424,N,Y,37.7164324,-122.4611207
MLS Listing,,Condo/Co-op,250 King St #264,San Francisco,CA,94107,575000,1,1.0,San Francisco,595,213232,2004,5,966,826,Active,,,https://www.redfin.com/CA/San-Francisco/250-King-St-94107/unit-264/home/22889192,San Francisco MLS,423718563,N,Y,37.7781222,-122.3932903
MLS Listing,,Condo/Co-op,99 Rausch St #202,San Francisco,CA,94103,625000,1,1.0,San Francisco,,32800,2017,5,,665,Active,,,https://www.redfin.com/CA/San-Francisco/99-Rausch-St-94103/unit-202/home/145745782,San Francisco MLS,423722267,N,Y,37.7762348,-122.4090223
MLS Listing,,Multi-Family (5+ Unit),324 Hyde St,San Francisco,CA,94109,1698000,0,,San Francisco,5472,2186,1917,5,310,,Active,,,https://www.redfin.com/CA/San-Francisco/324-Hyde-St-94109/home/1226700,San Francisco MLS,423723228,N,Y,37.7839179,-122.4156888
MLS Listing,,Single Family Residential,11 Imperial Ave,San Francisco,CA,94123,2249000,3,1.5,San Francisco,,2056,1906,5,,,Active,,,https://www.redfin.com/CA/San-Francisco/11-Imperial-Ave-94123/home/563045,San Francisco MLS,423722793,N,Y,37.7997405,-122.4266719
MLS Listing,,Condo/Co-op,1172 Green St,San Francisco,CA,94109,979000,1,1.0,San Francisco,815,2875,,5,1201,480,Active,,,https://www.redfin.com/CA/San-Francisco/1172-Green-St-94109/home/21998322,San Francisco MLS,423721364,N,Y,37.7984752,-122.418623
MLS Listing,,Single Family Residential,1429 Sacramento St,San Francisco,CA,94109,3495000,5,3.5,San Francisco,3265,2915,1908,5,1070,,Active,,,https://www.redfin.com/CA/San-Francisco/1429-Sacramento-St-94109/home/1287267,San Francisco MLS,423723079,N,Y,37.791972,-122.4166096
MLS Listing,,Single Family Residential,294 Hale St,San Francisco,CA,94134,895000,2,1.0,San Francisco,1328,1875,1907,5,674,,Active,March-1-2023 05:00 PM,March-1-2023 06:30 PM,https://www.redfin.com/CA/San-Francisco/294-Hale-St-94134/home/1671538,San Francisco MLS,423722801,N,Y,37.7317033,-122.4105901
MLS Listing,,Townhouse,573 Donahue St,San Francisco,CA,94124,850000,2,2.0,San Francisco,1380,,2016,5,616,318,Active,,,https://www.redfin.com/CA/San-Francisco/573-Donahue-St-94124/home/109278429,San Francisco MLS,423720592,N,Y,37.7283708,-122.3703606
MLS Listing,,Condo/Co-op,170 Alpine Ter,San Francisco,CA,94117,1895000,3,1.0,SAN FRANCISCO,1483,,1905,6,1278,528,Active,,,https://www.redfin.com/CA/San-Francisco/170-Alpine-Ter-94117/home/666921,MLSListings,ML81919364,N,Y,37.7677565,-122.4374815
MLS Listing,,Condo/Co-op,2480 Fulton St #4,San Francisco,CA,94118,769000,1,1.0,San Francisco,738,3438,1925,6,1042,250,Active,March-2-2023 04:30 PM,March-2-2023 05:30 PM,https://www.redfin.com/CA/San-Francisco/2480-Fulton-St-94118/unit-4/home/2015130,San Francisco MLS,423723157,N,Y,37.7745292,-122.4578536
MLS Listing,,Condo/Co-op,338 Spear St Unit 39E,San Francisco,CA,94105,2625000,3,2.0,San Francisco,1582,76210,2009,6,1659,1253,Active,,,https://www.redfin.com/CA/San-Francisco/338-Spear-St-94105/unit-39E/home/21966658,San Francisco MLS,423718751,N,Y,37.7894137,-122.3906433
MLS Listing,,Single Family Residential,332 South Hill Blvd,San Francisco,CA,94112,1188000,3,2.0,San Francisco,1269,,1962,6,936,,Active,,,https://www.redfin.com/CA/San-Francisco/332-S-Hill-Blvd-94112/home/1966558,San Francisco MLS,423723142,N,Y,37.7084818,-122.4313739
MLS Listing,,Single Family Residential,566 Athens St,San Francisco,CA,94112,730000,2,1.0,SAN FRANCISCO,1104,2500,1916,6,661,,Active,,,https://www.redfin.com/CA/San-Francisco/566-Athens-St-94112/home/1663577,MLSListings,ML81919602,N,Y,37.7191682,-122.4306936
MLS Listing,,Single Family Residential,760 Dolores St,San Francisco,CA,94110,4200000,4,4.0,San Francisco,,2622,1900,6,,,Active,,,https://www.redfin.com/CA/San-Francisco/760-Dolores-St-94110/home/1387575,San Francisco MLS,423717541,N,Y,37.7571446,-122.4260531
MLS Listing,,Condo/Co-op,601 Van Ness Ave #141,San Francisco,CA,94102,549000,1,1.5,San Francisco,889,105806,1982,6,618,1055,Active,,,https://www.redfin.com/CA/San-Francisco/601-Van-Ness-Ave-94102/unit-141/home/575444,San Francisco MLS,423723088,N,Y,37.7811165,-122.4213309
MLS Listing,,Condo/Co-op,15 Lucerne St Unit B,San Francisco,CA,94103,1295000,2,2.5,San Francisco,1875,12500,1997,6,691,876,Active,,,https://www.redfin.com/CA/San-Francisco/15-Lucerne-St-94103/unit-B/home/12396240,San Francisco MLS,423721413,N,Y,37.7737844,-122.401732
MLS Listing,,Condo/Co-op,201 Harrison St #201,San Francisco,CA,94105,439000,0,1.0,San Francisco,432,38449,1991,6,1016,612,Active,March-5-2023 02:00 PM,March-5-2023 04:00 PM,https://www.redfin.com/CA/San-Francisco/201-Harrison-St-94105/unit-201/home/1149017,San Francisco MLS,423723069,N,Y,37.7874798,-122.3905769
MLS Listing,,Single Family Residential,731 23rd Ave,San Francisco,CA,94121,2995000,4,4.5,San Francisco,2711,2996,1922,6,1105,,Active,,,https://www.redfin.com/CA/San-Francisco/731-23rd-Ave-94121/home/622327,San Francisco MLS,423722721,N,Y,37.7739185,-122.4824802
MLS Listing,,Single Family Residential,4185 Cesar Chavez St,San Francisco,CA,94131,1785000,2,1.5,San Francisco,1395,2056,1900,6,1280,,Active,,,https://www.redfin.com/CA/San-Francisco/4185-Cesar-Chavez-St-94131/home/1606951,San Francisco MLS,423719922,N,Y,37.7472508,-122.4332029
MLS Listing,,Condo/Co-op,150 Palm Ave #1,San Francisco,CA,94118,1395000,2,1.0,San Francisco,1362,4935,,6,1024,800,Active,,,https://www.redfin.com/CA/San-Francisco/150-Palm-Ave-94118/unit-1/home/2015794,San Francisco MLS,423722860,N,Y,37.7826961,-122.457494
MLS Listing,,Single Family Residential,462 Victoria St,San Francisco,CA,94132,1050000,3,1.0,San Francisco,1214,2500,1945,6,865,,Active,,,https://www.redfin.com/CA/San-Francisco/462-Victoria-St-94132/home/823568,San Francisco MLS,423721731,N,Y,37.7190665,-122.4651453
MLS Listing,,Single Family Residential,1671 34th Ave,San Francisco,CA,94122,4289000,5,3.0,San Francisco,2616,3000,1940,6,1640,,Active,,,https://www.redfin.com/CA/San-Francisco/1671-34th-Ave-94122/home/1899869,San Francisco MLS,423719149,N,Y,37.7559384,-122.4930036
MLS Listing,,Single Family Residential,125 Majestic Ave,San Francisco,CA,94112,700000,2,1.0,San Francisco,1000,2495,1926,6,700,,Active,,,https://www.redfin.com/CA/San-Francisco/125-Majestic-Ave-94112/home/824735,San Francisco MLS,423722744,N,Y,37.7163711,-122.4521533
MLS Listing,,Condo/Co-op,534 Dorado Ter,San Francisco,CA,94112,975000,2,2.5,San Francisco,1332,87122,1985,6,732,448,Active,,,https://www.redfin.com/CA/San-Francisco/534-Dorado-Ter-94112/home/183850365,BAREIS,423722832,N,Y,37.725627,-122.461631
MLS Listing,,Condo/Co-op,1722 Larkin St,San Francisco,CA,94109,1600000,3,2.0,San Francisco,1950,3499,1905,6,821,,Active,March-4-2023 02:00 PM,March-4-2023 04:00 PM,https://www.redfin.com/CA/San-Francisco/1722-Larkin-St-94109/home/163853239,San Francisco MLS,423722333,N,Y,37.7937955,-122.4194948
MLS Listing,,Condo/Co-op,1422 Cabrillo St,San Francisco,CA,94118,1795000,3,2.0,San Francisco,2257,2950,1921,6,795,,Active,,,https://www.redfin.com/CA/San-Francisco/1422-Cabrillo-St-94118/home/1881452,San Francisco MLS,423722352,N,Y,37.775179,-122.47403
MLS Listing,,Multi-Family (2-4 Unit),2576 - 2578 Folsom St,San Francisco,CA,94110,1795000,19,7.5,San Francisco,3725,3369,1890,7,482,,Active,,,https://www.redfin.com/CA/San-Francisco/2576-Folsom-St-94110/home/2004792,San Francisco MLS,423722858,N,Y,37.7560582,-122.4147695
MLS Listing,,Condo/Co-op,1587 15th St #403,San Francisco,CA,94103,509950,2,1.0,San Francisco,724,8670,2007,7,704,578,Active,,,https://www.redfin.com/CA/San-Francisco/1587-15th-St-94103/unit-403/home/21967234,San Francisco MLS,423722837,N,Y,37.7665804,-122.41957
MLS Listing,,Single Family Residential,3410 Jackson St,San Francisco,CA,94118,23500000,5,5.5,San Francisco,7140,4788,1923,7,3291,,Active,,,https://www.redfin.com/CA/San-Francisco/3410-Jackson-St-94118/home/584993,San Francisco MLS,423719913,N,Y,37.7906428,-122.4512211
MLS Listing,,Condo/Co-op,259 Clara St #202,San Francisco,CA,94107,1195000,2,2.0,San Francisco,1240,,2017,7,964,569,Active,,,https://www.redfin.com/CA/San-Francisco/259-Clara-St-94107/unit-202/home/173948898,San Francisco MLS,423721794,N,Y,37.7783397,-122.4034459
MLS Listing,,Single Family Residential,650 11th Ave,San Francisco,CA,94118,2350000,5,4.0,San Francisco,2613,3000,1922,7,899,,Active,March-5-2023 01:00 PM,March-5-2023 03:00 PM,https://www.redfin.com/CA/San-Francisco/650-11th-Ave-94118/home/1341882,San Francisco MLS,423718315,N,Y,37.7760458,-122.4690517
MLS Listing,,Single Family Residential,3949 21St St,San Francisco,CA,94114,1695000,1,2.0,San Francisco,695,1873,1918,7,2439,,Active,,,https://www.redfin.com/CA/San-Francisco/3949-21st-St-94114/home/1921893,"bridgeMLS, Bay East AOR, or Contra Costa AOR",41019749,N,Y,37.75591,-122.4354276
MLS Listing,,Single Family Residential,586 Paris St,San Francisco,CA,94112,750000,3,3.0,SAN FRANCISCO,2150,2500,1913,7,349,,Active,,,https://www.redfin.com/CA/San-Francisco/586-Paris-St-94112/home/1614554,MLSListings,ML81919441,N,Y,37.7195678,-122.4367377
MLS Listing,,Condo/Co-op,1 Steuart St #409,San Francisco,CA,94105,1530000,1,1.0,San Francisco,880,,2021,7,1739,2584,Active,,,https://www.redfin.com/CA/San-Francisco/1-Steuart-St-94105/unit-409/home/174942423,MetroList,423722678,N,Y,37.794466,-122.3947897
MLS Listing,,Condo/Co-op,4 Newell St Unit A,San Francisco,CA,94133,1396000,1,1.5,San Francisco,1171,2326,1918,7,1192,,Active,,,https://www.redfin.com/CA/San-Francisco/4-Newell-St-94133/unit-A/home/184411684,San Francisco MLS,423722770,N,Y,37.8031286,-122.4135484
MLS Listing,,Condo/Co-op,4 Newell St,San Francisco,CA,94133,1815000,3,2.5,San Francisco,1523,2326,1918,7,1192,,Active,,,https://www.redfin.com/CA/San-Francisco/4-Newell-St-94133/home/184411600,San Francisco MLS,423722767,N,Y,37.8031286,-122.4135484
MLS Listing,,Single Family Residential,370 Wawona St,San Francisco,CA,94127,1849000,3,2.0,San Francisco,,4081,1924,7,,,Active,,,https://www.redfin.com/CA/San-Francisco/370-Wawona-St-94127/home/1377406,San Francisco MLS,423716690,N,Y,37.7380237,-122.4704525
MLS Listing,,Single Family Residential,1342 Fell St,San Francisco,CA,95132,4195000,4,4.0,San Francisco,3780,3436,2023,7,1110,,Active,,,https://www.redfin.com/CA/San-Francisco/1342-Fell-St-94117/home/1000384,San Francisco MLS,423721334,N,Y,37.77403,-122.4400806
MLS Listing,,Condo/Co-op,1320 Vallejo St,San Francisco,CA,94109,730000,2,1.0,San Francisco,835,2360,1908,8,874,286,Active,,,https://www.redfin.com/CA/San-Francisco/1320-Vallejo-St-94109/home/184404940,San Francisco MLS,423722720,N,Y,37.7974621,-122.4192231
MLS Listing,,Condo/Co-op,750 Great Hwy #1,San Francisco,CA,94121,1598000,3,2.0,San Francisco,1295,3564,1990,8,1234,545,Active,March-1-2023 04:15 PM,March-1-2023 06:15 PM,https://www.redfin.com/CA/San-Francisco/750-Great-Hwy-94121/unit-1/home/1839647,San Francisco MLS,422712804,N,Y,37.7741852,-122.5106875
MLS Listing,,Single Family Residential,110 Merced Ave,San Francisco,CA,94127,2295000,8,6.0,San Francisco,4978,6013,1923,8,461,,Active,,,https://www.redfin.com/CA/San-Francisco/110-Merced-Ave-94127/home/1395219,San Francisco MLS,423722348,N,Y,37.7448735,-122.4613861
MLS Listing,,Single Family Residential,197 Lower Ter,San Francisco,CA,94114,2395000,3,2.0,San Francisco,1575,2199,1924,8,1521,,Active,,,https://www.redfin.com/CA/San-Francisco/197-Lower-Ter-94114/home/1082146,BAREIS,423721194,N,Y,37.763163,-122.4436938
MLS Listing,,Condo/Co-op,425 1st St #4706,San Francisco,CA,94105,1998000,2,2.0,San Francisco,1238,56024,2008,9,1614,1349,Active,,,https://www.redfin.com/CA/San-Francisco/425-1st-St-94105/unit-4706/home/17304838,San Francisco MLS,423722058,N,Y,37.7857365,-122.3921923
MLS Listing,,Vacant Land,1874 Quesada Ave,San Francisco,CA,94124,99900,,,San Francisco,,2495,,9,,,Active,,,https://www.redfin.com/CA/San-Francisco/1874-Quesada-Ave-94124/home/184391804,San Francisco MLS,423722585,N,Y,37.7354025,-122.3945509
MLS Listing,,Multi-Family (5+ Unit),548 - 556 Steiner St,San Francisco,CA,94117,2599000,0,,San Francisco,7740,2996,1907,9,336,,Active,,,https://www.redfin.com/CA/San-Francisco/548-Steiner-St-94117/home/1579569,San Francisco MLS,423722319,N,Y,37.7745039,-122.4323219
MLS Listing,,Single Family Residential,473 Andover St,San Francisco,CA,94110,3500000,4,2.0,San Francisco,1600,3497,1928,10,2188,,Active,,,https://www.redfin.com/CA/San-Francisco/473-Andover-St-94110/home/765241,MetroList,423722524,N,Y,37.7376142,-122.4163533
MLS Listing,,Condo/Co-op,246 2nd St #1304,San Francisco,CA,94105,790000,1,1.0,San Francisco,644,12933,2000,10,1227,866,Active,,,https://www.redfin.com/CA/San-Francisco/246-2nd-St-94105/unit-1304/home/1673818,San Francisco MLS,423722163,N,Y,37.7858817,-122.3974144
MLS Listing,,Condo/Co-op,643 Masonic Ave,San Francisco,CA,94117,1395000,2,1.5,San Francisco,1544,,1917,10,903,350,Active,,,https://www.redfin.com/CA/San-Francisco/643-Masonic-Ave-94117/home/596524,San Francisco MLS,423721252,N,Y,37.7753739,-122.4465485
MLS Listing,,Condo/Co-op,645 Masonic Ave,San Francisco,CA,94117,1345000,2,1.5,San Francisco,1447,,1917,10,930,350,Active,,,https://www.redfin.com/CA/San-Francisco/645-Masonic-Ave-94117/home/184378223,San Francisco MLS,423721261,N,Y,37.7751941,-122.4465973
MLS Listing,,Condo/Co-op,150 Lombard St #201,San Francisco,CA,94111,1168000,2,2.0,San Francisco,1172,,1975,10,997,1285,Active,,,https://www.redfin.com/CA/San-Francisco/150-Lombard-St-94111/unit-201/home/998267,San Francisco MLS,423721662,N,Y,37.8041508,-122.4038199
MLS Listing,,Condo/Co-op,5150 Diamond Heights Blvd Unit 201B,San Francisco,CA,94131,899950,2,1.0,SAN FRANCISCO,990,,1972,10,909,803,Active,March-4-2023 02:00 PM,March-4-2023 04:00 PM,https://www.redfin.com/CA/San-Francisco/5150-Diamond-Heights-Blvd-94131/unit-201B/home/838353,MLSListings,ML81919282,N,Y,37.7467383,-122.440544
MLS Listing,,Single Family Residential,139 Quintara St,San Francisco,CA,94116,1388000,3,1.5,San Francisco,1495,2495,1956,11,928,,Active,,,https://www.redfin.com/CA/San-Francisco/139-Quintara-St-94116/home/1548687,San Francisco MLS,423721909,N,Y,37.7489004,-122.467047
MLS Listing,,Single Family Residential,1298 48th Ave,San Francisco,CA,94122,1295000,4,2.0,San Francisco,2442,2688,1905,11,530,,Active,,,https://www.redfin.com/CA/San-Francisco/1298-48th-Ave-94122/home/1324608,San Francisco MLS,423722424,N,Y,37.7625549,-122.5079927
MLS Listing,,Other,15-17 Holloway Ave,San Francisco,CA,94112,1098000,4,2.0,SAN FRANCISCO,1920,3750,1908,11,572,,Active,March-4-2023 01:00 PM,March-4-2023 04:00 PM,https://www.redfin.com/CA/San-Francisco/15-17-Holloway-Ave-94112/home/2011985,MLSListings,ML81919264,N,Y,37.721633,-122.453439
MLS Listing,,Condo/Co-op,375 Fair Oaks St,San Francisco,CA,94110,1350000,3,1.0,San Francisco,,3123,1908,11,,,Active,,,https://www.redfin.com/CA/San-Francisco/375-Fair-Oaks-St-94110/home/800766,San Francisco MLS,423721643,N,Y,37.7507476,-122.4235514
MLS Listing,,Condo/Co-op,377 Fair Oaks St,San Francisco,CA,94110,1250000,2,1.0,San Francisco,,3123,1908,11,,,Active,,,https://www.redfin.com/CA/San-Francisco/377-Fair-Oaks-St-94110/home/184360879,San Francisco MLS,423721651,N,Y,37.7507017,-122.4237581
MLS Listing,,Condo/Co-op,301 Yale St,San Francisco,CA,94134,1399900,3,3.5,SAN FRANCISCO,1764,,2021,11,794,256,Active,,,https://www.redfin.com/CA/San-Francisco/301-Yale-St-94134/home/174543011,MLSListings,ML81919257,N,Y,37.7260394,-122.4170011
MLS Listing,,Condo/Co-op,1370 17th Ave,San Francisco,CA,94122,800000,1,1.0,San Francisco,,3440,1947,11,,125,Active,March-4-2023 02:30 PM,March-4-2023 04:00 PM,https://www.redfin.com/CA/San-Francisco/1370-17th-Ave-94122/home/182193962,San Francisco MLS,423722381,N,Y,37.7623628,-122.4747485
MLS Listing,,Single Family Residential,2174 43rd Ave,San Francisco,CA,94116,1195000,3,1.0,San Francisco,1194,2996,1944,11,1001,,Active,,,https://www.redfin.com/CA/San-Francisco/2174-43rd-Ave-94116/home/1960047,San Francisco MLS,423722359,N,Y,37.7461524,-122.5015171
MLS Listing,,Condo/Co-op,510 Oak St,San Francisco,CA,94102,1295000,2,1.5,San Francisco,1288,3300,1900,11,1005,51,Active,,,https://www.redfin.com/CA/San-Francisco/510-Oak-St-94102/home/110051955,San Francisco MLS,423717480,N,Y,37.774446,-122.428164
MLS Listing,,Multi-Family (2-4 Unit),2919 - 2921 Pine St,San Francisco,CA,94115,1195000,0,,San Francisco,2050,1633,1900,11,583,,Active,,,https://www.redfin.com/CA/San-Francisco/2919-Pine-St-94115/home/184353573,San Francisco MLS,423722340,N,Y,37.7864731,-122.4439126
MLS Listing,,Single Family Residential,653 28th St,San Francisco,CA,94131,4995000,5,5.0,San Francisco,4105,2905,2021,11,1217,,Active,,,https://www.redfin.com/CA/San-Francisco/653-28th-St-94131/home/182645721,San Francisco MLS,423721715,N,Y,37.7445416,-122.4368483
MLS Listing,,Condo/Co-op,1700 Gough St #304,San Francisco,CA,94109,635000,0,1.0,San Francisco,510,11172,1980,11,1245,478,Active,,,https://www.redfin.com/CA/San-Francisco/1700-Gough-St-94109/unit-304/home/184349165,San Francisco MLS,423720062,N,Y,37.7893037,-122.4252829
MLS Listing,,Multi-Family (2-4 Unit),3727-3729 Judah St,San Francisco,CA,94122,1750000,6,4.0,SAN FRANCISCO,2460,2495,1919,11,711,,Active,,,https://www.redfin.com/CA/San-Francisco/3727-Judah-St-94122/home/1524812,MLSListings,ML81919226,N,Y,37.7603433,-122.5021602
MLS Listing,,Condo/Co-op,175 Bluxome St #208,San Francisco,CA,94107,799000,2,2.0,SAN FRANCISCO,906,,1998,11,882,709,Active,,,https://www.redfin.com/CA/San-Francisco/175-Bluxome-St-94107/unit-208/home/12397946,MLSListings,ML81917112,N,Y,37.7744041,-122.3996934
MLS Listing,,Single Family Residential,3425 Quintara St,San Francisco,CA,94116,1095000,3,1.0,San Francisco,1214,2495,1945,11,902,,Active,,,https://www.redfin.com/CA/San-Francisco/3425-Quintara-St-94116/home/963838,San Francisco MLS,423718440,N,Y,37.7473071,-122.502288
MLS Listing,,Single Family Residential,1476 36th Ave,San Francisco,CA,94122,1595000,3,1.5,San Francisco,2116,2748,1933,11,754,,Active,,,https://www.redfin.com/CA/San-Francisco/1476-36th-Ave-94122/home/1989170,San Francisco MLS,423718879,N,Y,37.7595379,-122.4948066
MLS Listing,,Condo/Co-op,2298 Pacific Ave Unit 1 N,San Francisco,CA,94115,1595000,2,2.5,San Francisco,1527,3720,1926,11,1045,1090,Active,,,https://www.redfin.com/CA/San-Francisco/2298-Pacific-94115/unit-1-N/home/184377313,San Francisco MLS,423720292,N,Y,37.7877522,-122.4382307
MLS Listing,,Condo/Co-op,1251 Rhode Island St,San Francisco,CA,94107,1095000,2,1.0,San Francisco,1046,2500,1911,11,1047,225,Active,,,https://www.redfin.com/CA/San-Francisco/1251-Rhode-Island-St-94107/home/26845490,San Francisco MLS,423722008,N,Y,37.7539149,-122.4012259
MLS Listing,,Condo/Co-op,455 Vallejo St Unit C,San Francisco,CA,94133,998000,1,1.0,San Francisco,825,20344,1973,11,1210,755,Active,,,https://www.redfin.com/CA/San-Francisco/455-Vallejo-St-94133/unit-C/home/184354614,San Francisco MLS,423721997,N,Y,37.7988037,-122.404813
MLS Listing,,Condo/Co-op,1301 Fulton St #206,San Francisco,CA,94117,649000,1,1.0,San Francisco,610,18906,1987,11,1064,450,Active,,,https://www.redfin.com/CA/San-Francisco/1301-Fulton-St-94117/unit-206/home/1515399,San Francisco MLS,422713301,N,Y,37.7766752,-122.4385663
MLS Listing,,Condo/Co-op,1624 Larkin St #8,San Francisco,CA,94109,1549000,3,2.0,San Francisco,1290,4678,1984,11,1201,1076,Active,,,https://www.redfin.com/CA/San-Francisco/1624-Larkin-St-94109/unit-8/home/184346265,San Francisco MLS,423715146,N,Y,37.7930585,-122.4192293
MLS Listing,,Single Family Residential,1254 36th Ave,San Francisco,CA,94122,2280000,4,3.0,San Francisco,2008,3598,1921,11,1135,,Active,March-4-2023 02:00 PM,March-4-2023 04:00 PM,https://www.redfin.com/CA/San-Francisco/1254-36th-Ave-94122/home/1984853,San Francisco MLS,423722266,N,Y,37.763611,-122.4951306
MLS Listing,,Condo/Co-op,4184 20th St,San Francisco,CA,94114,1649000,3,3.0,San Francisco,1948,1375,1910,11,847,225,Active,,,https://www.redfin.com/CA/San-Francisco/4184-20th-St-94114/home/40030435,San Francisco MLS,423721975,N,Y,37.7578775,-122.4342416
MLS Listing,,Condo/Co-op,188 Minna St Unit 33E,San Francisco,CA,94105,5500000,3,3.5,San Francisco,2670,33056,2005,11,2060,3596,Active,,,https://www.redfin.com/CA/San-Francisco/188-Minna-St-94105/unit-33E/home/22884004,San Francisco MLS,423721979,N,Y,37.7861799,-122.4012974
MLS Listing,,Multi-Family (2-4 Unit),2274 - 2278 Lombard St,San Francisco,CA,94123,1628000,4,2.5,San Francisco,2540,2750,1916,11,641,,Active,,,https://www.redfin.com/CA/San-Francisco/2274-Lombard-St-94123/home/179250654,San Francisco MLS,423721619,N,Y,37.7997532,-122.4389434
MLS Listing,,Single Family Residential,55 Elsie St,San Francisco,CA,94110,1649000,4,2.0,San Francisco,1472,1746,1900,11,1120,,Active,,,https://www.redfin.com/CA/San-Francisco/55-Elsie-St-94110/home/760537,San Francisco MLS,423721605,N,Y,37.7441346,-122.4167073
MLS Listing,,Condo/Co-op,999 Green St #2902,San Francisco,CA,94133,3750000,3,3.0,San Francisco,,14264,1964,11,,2839,Active,,,https://www.redfin.com/CA/San-Francisco/999-Green-St-94133/unit-2902/home/2006915,San Francisco MLS,423721985,N,Y,37.7984858,-122.4151576
MLS Listing,,Single Family Residential,546 Arkansas St,San Francisco,CA,94107,3195000,3,3.0,San Francisco,,2495,1925,11,,,Active,March-4-2023 01:00 PM,March-4-2023 03:00 PM,https://www.redfin.com/CA/San-Francisco/546-Arkansas-St-94107/home/1605573,San Francisco MLS,423715289,N,Y,37.7592433,-122.3983695
MLS Listing,,Condo/Co-op,3036 Fulton St #3,San Francisco,CA,94118,895000,2,1.0,San Francisco,3260,2879,1900,11,275,469,Active,,,https://www.redfin.com/CA/San-Francisco/3036-Fulton-St-94118/unit-3/home/184344011,San Francisco MLS,423720391,N,Y,37.7737365,-122.4644433
MLS Listing,,Condo/Co-op,3036 Fulton St #2,San Francisco,CA,94118,950000,2,2.0,San Francisco,3260,2879,1900,11,291,508,Active,,,https://www.redfin.com/CA/San-Francisco/3036-Fulton-St-94118/unit-2/home/184343945,San Francisco MLS,423720392,N,Y,37.7737365,-122.4644433
MLS Listing,,Condo/Co-op,75 Folsom St #1502,San Francisco,CA,94105,3775000,2,2.0,San Francisco,2635,151160,1991,11,1433,3116,Active,,,https://www.redfin.com/CA/San-Francisco/75-Folsom-St-94105/unit-1502/home/974037,San Francisco MLS,423720022,N,Y,37.7900791,-122.3904683
MLS Listing,,Multi-Family (5+ Unit),4291 - 4299 24th St,San Francisco,CA,94114,2695000,0,,San Francisco,5496,4500,1900,11,490,,Active,,,https://www.redfin.com/CA/San-Francisco/4291-24th-St-94114/home/184343529,San Francisco MLS,423721620,N,Y,37.750829,-122.4382642
MLS Listing,,Condo/Co-op,1534 Irving St #101,San Francisco,CA,94122,818000,2,1.0,SAN FRANCISCO,750,,1994,11,1091,208,Active,,,https://www.redfin.com/CA/San-Francisco/1534-Irving-St-94122/unit-101/home/1992432,MLSListings,ML81919176,N,Y,37.7639339,-122.4744888
MLS Listing,,Townhouse,518 Duncan St,San Francisco,CA,94131,2750000,3,2.5,San Francisco,3534,3666,2001,11,778,1569,Active,,,https://www.redfin.com/CA/San-Francisco/518-Duncan-St-94131/home/1170006,San Francisco MLS,423720922,N,Y,37.745939,-122.431959
MLS Listing,,Condo/Co-op,1006 Noe St #1,San Francisco,CA,94114,699000,1,1.0,San Francisco,651,2481,1905,11,1074,350,Active,,,https://www.redfin.com/CA/San-Francisco/1006-Noe-St-94114/unit-1/home/109061336,San Francisco MLS,423721492,N,Y,37.752814,-122.4321049
MLS Listing,,Single Family Residential,3039 19th Ave,San Francisco,CA,94132,1899000,3,3.0,SAN FRANCISCO,2868,6246,1939,11,662,,Active,,,https://www.redfin.com/CA/San-Francisco/3039-19th-Ave-94132/home/1472788,MLSListings,ML81919160,N,Y,37.731872,-122.4752517
MLS Listing,,Condo/Co-op,280 Spear St Unit 31D,San Francisco,CA,94105,1685000,2,2.0,San Francisco,1055,47916,2022,11,1597,1301,Active,,,https://www.redfin.com/CA/San-Francisco/280-Spear-St-94105/unit-31D/home/184340046,San Francisco MLS,423722185,N,Y,37.7901615,-122.3913352
MLS Listing,,Single Family Residential,2519 Mcallister St,San Francisco,CA,94118,2275000,4,3.0,San Francisco,1977,2352,1900,11,1151,,Active,,,https://www.redfin.com/CA/San-Francisco/2519-McAllister-St-94118/home/597018,San Francisco MLS,423720851,N,Y,37.7754678,-122.4538334
MLS Listing,,Condo/Co-op,170 King St #211,San Francisco,CA,94107,960000,2,2.0,San Francisco,900,42969,2007,11,1067,845,Active,,,https://www.redfin.com/CA/San-Francisco/170-King-St-94107/unit-211/home/17304709,BAREIS,423716583,N,Y,37.7787673,-122.3915505
MLS Listing,,Condo/Co-op,301 Mission St Unit 20H,San Francisco,CA,94105,658000,1,1.0,San Francisco,666,50667,2009,11,988,1500,Active,,,https://www.redfin.com/CA/San-Francisco/301-Mission-St-94105/unit-20H/home/40138184,San Francisco MLS,423714785,N,Y,37.7903824,-122.3961531
MLS Listing,,Condo/Co-op,1940 Buchanan St,San Francisco,CA,94115,1395000,3,1.0,San Francisco,1480,1851,1904,11,943,447,Active,,,https://www.redfin.com/CA/San-Francisco/1940-Buchanan-St-94115/home/569266,San Francisco MLS,423721829,N,Y,37.788038,-122.430024
MLS Listing,,Condo/Co-op,1201 Sutter St #203,San Francisco,CA,94109,499000,1,1.0,San Francisco,,8245,2021,11,,201,Active,,,https://www.redfin.com/CA/San-Francisco/1201-Sutter-St-94109/unit-203/home/184334314,San Francisco MLS,423721799,N,Y,37.7876407,-122.4202681
MLS Listing,,Condo/Co-op,631 Ofarrell St #908,San Francisco,CA,94109,500000,1,1.0,San Francisco,945,18438,1930,11,529,1176,Active,,,https://www.redfin.com/CA/San-Francisco/631-Ofarrell-St-94109/unit-908/home/909991,San Francisco MLS,423721349,N,Y,37.7852037,-122.4151808
MLS Listing,,Condo/Co-op,2096 California St,San Francisco,CA,94109,839000,1,1.0,San Francisco,944,2766,1947,11,889,600,Active,,,https://www.redfin.com/CA/San-Francisco/2096-California-St-94109/home/178063822,San Francisco MLS,423721585,N,Y,37.7896936,-122.4287131
MLS Listing,,Condo/Co-op,383 Haight St,San Francisco,CA,94102,665000,2,1.0,San Francisco,670,2375,1900,11,993,223,Active,,,https://www.redfin.com/CA/San-Francisco/383-Haight-St-94102/home/183169415,San Francisco MLS,423722150,N,Y,37.7721769,-122.4284605
MLS Listing,,Condo/Co-op,832 Rhode Island St,San Francisco,CA,94107,1795000,2,2.5,San Francisco,,2500,2022,11,,205,Active,,,https://www.redfin.com/CA/San-Francisco/832-Rhode-Island-St-94107/home/184334311,San Francisco MLS,423721326,N,Y,37.7591853,-122.402285
MLS Listing,,Multi-Family (2-4 Unit),201 Bonview St,San Francisco,CA,94110,1995000,4,4.0,San Francisco,2587,1794,1900,12,771,,Active,,,https://www.redfin.com/CA/San-Francisco/201-Bonview-St-94110/home/759861,San Francisco MLS,423721196,N,Y,37.7406412,-122.4182501
MLS Listing,,Condo/Co-op,2168 Bush St,San Francisco,CA,94115,1198000,2,1.5,San Francisco,1068,2312,1885,12,1122,311,Active,,,https://www.redfin.com/CA/San-Francisco/2168-Bush-St-94115/home/2023400,San Francisco MLS,423722091,N,Y,37.787306,-122.432981
MLS Listing,,Condo/Co-op,1153 Alabama St,San Francisco,CA,94110,819000,2,1.0,San Francisco,1036,3946,1900,12,791,548,Active,,,https://www.redfin.com/CA/San-Francisco/1153-Alabama-St-94110/home/184322959,San Francisco MLS,423721543,N,Y,37.7534252,-122.4108503
MLS Listing,,Condo/Co-op,988 Fulton St #316,San Francisco,CA,94117,595000,1,1.0,San Francisco,417,41262,1999,12,1427,420,Active,,,https://www.redfin.com/CA/San-Francisco/988-Fulton-St-94117/unit-316/home/12395545,BAREIS,423719413,N,Y,37.7777325,-122.4326346
MLS Listing,,Condo/Co-op,219 Brannan St Unit 1D,San Francisco,CA,94107-4031,799000,1,1.5,South Beach,844,300000,2000,12,947,1192,Active,,,https://www.redfin.com/CA/San-Francisco/219-Brannan-St-94107/unit-1D/home/1347708,"bridgeMLS, Bay East AOR, or Contra Costa AOR",41019451,N,Y,37.782856,-122.390344
MLS Listing,,Condo/Co-op,718 Long Bridge St #1303,San Francisco,CA,94158,2798000,3,3.0,San Francisco,1958,84866,2016,12,1429,1546,Active,,,https://www.redfin.com/CA/San-Francisco/718-Long-Bridge-St-94158/unit-1303/home/109685874,San Francisco MLS,423722023,N,Y,37.7717748,-122.3940731
MLS Listing,,Condo/Co-op,850 Powell St #104,San Francisco,CA,94108,2600000,4,4.0,San Francisco,2454,,1923,12,1059,2706,Active,,,https://www.redfin.com/CA/San-Francisco/850-Powell-St-94108/unit-104/home/1068754,San Francisco MLS,423719356,N,Y,37.7928654,-122.408964
MLS Listing,,Condo/Co-op,435 China Basin St #205,San Francisco,CA,94158,1299000,2,2.0,San Francisco,1185,122891,2012,12,1096,1052,Active,,,https://www.redfin.com/CA/San-Francisco/435-China-Basin-St-94158/unit-205/home/40629267,San Francisco MLS,423721185,N,Y,37.7718864,-122.3885728
MLS Listing,,Multi-Family (2-4 Unit),939 - 941 Oak St,San Francisco,CA,94117,995000,3,1.0,San Francisco,3450,3436,,12,288,,Active,,,https://www.redfin.com/CA/San-Francisco/939-Oak-St-94117/home/182101832,San Francisco MLS,423721931,N,Y,37.7731857,-122.4347467
MLS Listing,,Condo/Co-op,58 Danvers St,San Francisco,CA,94114,1599000,2,2.0,San Francisco,1276,1873,,12,1253,300,Active,,,https://www.redfin.com/CA/San-Francisco/58-Danvers-St-94114/home/148060711,San Francisco MLS,423721690,N,Y,37.7606793,-122.4437912
MLS Listing,,Single Family Residential,334 Holladay Ave,San Francisco,CA,94110,1597000,3,2.0,San Francisco,1437,1750,1917,12,1111,,Active,March-4-2023 01:00 PM,March-4-2023 03:00 PM,https://www.redfin.com/CA/San-Francisco/334-Holladay-Ave-94110/home/1353229,San Francisco MLS,423721440,N,Y,37.744439,-122.4060189
MLS Listing,,Condo/Co-op,77 Van Ness Ave #605,San Francisco,CA,94102,995000,1,1.0,San Francisco,946,13040,2009,12,1052,648,Active,,,https://www.redfin.com/CA/San-Francisco/77-Van-Ness-Ave-94102/unit-605/home/40138359,San Francisco MLS,423721915,N,Y,37.7760549,-122.4199372
MLS Listing,,Condo/Co-op,201 Sansome St #804,San Francisco,CA,94104,1475000,2,2.5,San Francisco,1541,5876,1909,12,957,986,Active,March-4-2023 11:00 AM,March-4-2023 01:00 PM,https://www.redfin.com/CA/San-Francisco/201-Sansome-St-94104/unit-804/home/12277367,San Francisco MLS,423721958,N,Y,37.7922314,-122.4012282
MLS Listing,,Condo/Co-op,152 Summit Way,San Francisco,CA,94132,1325000,3,2.5,San Francisco,1839,981,2015,12,721,280,Active,,,https://www.redfin.com/CA/San-Francisco/152-Summit-Way-94132/home/109464687,San Francisco MLS,423720892,N,Y,37.7155511,-122.4757146
MLS Listing,,Condo/Co-op,950 Corbett Ave #1,San Francisco,CA,94131,1695000,3,2.0,San Francisco,1801,3101,2007,12,941,272,Active,,,https://www.redfin.com/CA/San-Francisco/950-Corbett-Ave-94131/unit-1/home/17304486,San Francisco MLS,423717048,N,Y,37.7518324,-122.443738
MLS Listing,,Single Family Residential,47 Magnolia St,San Francisco,CA,94123,4380000,4,3.5,San Francisco,2700,1620,,12,1622,,Active,March-4-2023 02:00 PM,March-4-2023 04:00 PM,https://www.redfin.com/CA/San-Francisco/47-Magnolia-St-94123/home/1319944,San Francisco MLS,423721441,N,Y,37.8007844,-122.4322479
MLS Listing,,Condo/Co-op,815 Tennessee St #208,San Francisco,CA,94107,925000,1,1.0,San Francisco,763,19971,2018,12,1212,805,Active,March-4-2023 12:00 PM,March-4-2023 02:00 PM,https://www.redfin.com/CA/San-Francisco/815-Tennessee-St-94107/unit-208/home/146003350,San Francisco MLS,423720279,N,Y,37.7614764,-122.3892934
MLS Listing,,Condo/Co-op,15 Rico Way #2,San Francisco,CA,94123,999888,1,1.0,SAN FRANCISCO,840,,1929,12,1190,518,Active,,,https://www.redfin.com/CA/San-Francisco/15-Rico-Way-94123/unit-2/home/184318081,MLSListings,ML81919054,N,Y,37.8047237,-122.4385182
MLS Listing,,Single Family Residential,873 44th Ave,San Francisco,CA,94121,1479000,3,2.0,San Francisco,,3000,1940,12,,,Active,,,https://www.redfin.com/CA/San-Francisco/873-44th-Ave-94121/home/1253319,San Francisco MLS,423721632,N,Y,37.7721362,-122.504819
MLS Listing,,Single Family Residential,1822 9th Ave,San Francisco,CA,94122,1600000,4,2.0,San Francisco,1653,3000,1939,12,968,,Active,March-4-2023 01:00 PM,March-4-2023 03:00 PM,https://www.redfin.com/CA/San-Francisco/1822-9th-Ave-94122/home/1394295,San Francisco MLS,423721878,N,Y,37.7542376,-122.4653996
MLS Listing,,Single Family Residential,372 Douglass St,San Francisco,CA,94114,2695000,4,4.0,San Francisco,2045,2622,1913,12,1318,,Active,March-5-2023 02:00 PM,March-5-2023 04:00 PM,https://www.redfin.com/CA/San-Francisco/372-Douglass-St-94114/home/1965210,San Francisco MLS,423721587,N,Y,37.7575638,-122.4392371
MLS Listing,,Multi-Family (2-4 Unit),634-636 Taraval St,San Francisco,CA,94116,1888888,3,2.5,SAN FRANCISCO,1758,2400,1922,12,1074,,Active,,,https://www.redfin.com/CA/San-Francisco/634-Taraval-St-94116/home/104329835,MLSListings,ML81919031,N,Y,37.7433697,-122.4732493
MLS Listing,,Condo/Co-op,1097 Green St #9,San Francisco,CA,94133,1170000,1,1.0,San Francisco,998,9911,1910,12,1172,437,Active,,,https://www.redfin.com/CA/San-Francisco/1097-Green-St-94133/unit-9/home/541780,San Francisco MLS,423721863,N,Y,37.798232,-122.4169219
MLS Listing,,Condo/Co-op,714 Rhode Island St,San Francisco,CA,94107,3950000,4,4.5,San Francisco,2610,2495,,12,1513,820,Active,March-5-2023 02:00 PM,March-5-2023 04:00 PM,https://www.redfin.com/CA/San-Francisco/714-Rhode-Island-St-94107/home/1502534,San Francisco MLS,423715393,N,Y,37.7606794,-122.4024039
MLS Listing,,Condo/Co-op,74 Bernard St,San Francisco,CA,94133,1049000,2,1.0,San Francisco,913,1291,1915,12,1149,200,Active,,,https://www.redfin.com/CA/San-Francisco/74-Bernard-St-94133/home/545283,San Francisco MLS,423715840,N,Y,37.7964558,-122.414678
MLS Listing,,Condo/Co-op,601 Van Ness Ave #601,San Francisco,CA,94102,599000,1,1.0,San Francisco,749,105806,1982,12,800,1055,Active,,,https://www.redfin.com/CA/San-Francisco/601-Van-Ness-Ave-94102/unit-601/home/1546493,San Francisco MLS,423720834,N,Y,37.7811165,-122.4213309
MLS Listing,,Condo/Co-op,30 - A Heather Ave,San Francisco,CA,94118,899000,2,1.0,San Francisco,918,3637,1949,12,979,300,Active,,,https://www.redfin.com/CA/San-Francisco/30A-Heather-Ave-94118/home/1217714,San Francisco MLS,423716266,N,Y,37.785265,-122.452633
MLS Listing,,Condo/Co-op,317 29th St #207,San Francisco,CA,94131,979000,1,1.0,San Francisco,860,26336,1999,12,1138,769,Active,,,https://www.redfin.com/CA/San-Francisco/317-29th-St-94131/unit-207/home/808044,San Francisco MLS,423721369,N,Y,37.7433769,-122.4273479
MLS Listing,,Single Family Residential,2552 24th Ave,San Francisco,CA,94116,1988000,3,3.0,San Francisco,1970,3197,1925,12,1009,,Active,March-1-2023 04:30 PM,March-1-2023 06:30 PM,https://www.redfin.com/CA/San-Francisco/2552-24th-Ave-94116/home/662842,San Francisco MLS,423721561,N,Y,37.7399405,-122.4806341
MLS Listing,,Condo/Co-op,6509 Geary Blvd #204,San Francisco,CA,94121,825000,2,1.0,San Francisco,763,5100,1981,12,1081,379,Active,,,https://www.redfin.com/CA/San-Francisco/6509-Geary-Blvd-94121/unit-204/home/612278,San Francisco MLS,423721823,N,Y,37.7796225,-122.4892012
MLS Listing,,Condo/Co-op,946 Stockton St Unit 9C,San Francisco,CA,94108,710000,2,1.5,San Francisco,690,10061,,13,1029,974,Active,,,https://www.redfin.com/CA/San-Francisco/946-Stockton-St-94108/unit-9C/home/1674522,San Francisco MLS,423721483,N,Y,37.7948348,-122.4078637
MLS Listing,,Single Family Residential,2405 Washington St,San Francisco,CA,94115,5950000,5,3.5,San Francisco,3878,3223,1900,13,1534,,Active,,,https://www.redfin.com/CA/San-Francisco/2405-Washington-St-94115/home/1825243,San Francisco MLS,423720973,N,Y,37.7915592,-122.4331054
MLS Listing,,Single Family Residential,451 Bayview Cir,San Francisco,CA,94124,955000,3,2.5,San Francisco,1601,1755,1985,13,597,426,Active,,,https://www.redfin.com/CA/San-Francisco/451-Bayview-Cir-94124/home/1849421,MetroList,423721517,N,Y,37.7330225,-122.3959356
MLS Listing,,Multi-Family (2-4 Unit),3054-3056 Octavia St,San Francisco,CA,94123,3288000,6,4.0,SAN FRANCISCO,3403,2500,1912,13,966,,Active,,,https://www.redfin.com/CA/San-Francisco/3054-Octavia-St-94123/home/1287763,MLSListings,ML81918975,N,Y,37.8005437,-122.4291617
MLS Listing,,Condo/Co-op,1922 Laguna St,San Francisco,CA,94115,1436000,3,2.0,SAN FRANCISCO,1456,,1890,13,986,350,Active,,,https://www.redfin.com/CA/San-Francisco/1922-Laguna-St-94115/home/860203,MLSListings,ML81918961,N,Y,37.7889825,-122.4286088
MLS Listing,,Multi-Family (2-4 Unit),1324 - 1326 Balboa St,San Francisco,CA,94118,1998888,4,2.0,San Francisco,2300,2800,1920,13,869,,Active,,,https://www.redfin.com/CA/San-Francisco/1324-Balboa-St-94118/home/1080515,San Francisco MLS,422704186,N,Y,37.7770676,-122.473111
MLS Listing,,Single Family Residential,93 Clearfield Dr,San Francisco,CA,94132,1950000,4,3.0,SAN FRANCISCO,1700,3183,1951,13,1147,,Active,,,https://www.redfin.com/CA/San-Francisco/93-Clearfield-Dr-94132/home/842435,MLSListings,ML81915550,N,Y,37.7322654,-122.4916772
MLS Listing,,Condo/Co-op,200 Townsend St #6,San Francisco,CA,94107,1200000,1,2.0,SAN FRANCISCO,1321,,2003,13,908,727,Active,,,https://www.redfin.com/CA/San-Francisco/200-Townsend-St-94107/unit-6/home/12400002,MLSListings,ML81918954,N,Y,37.7789208,-122.3932323
MLS Listing,,Condo/Co-op,1 Hawthorne St Unit 7D,San Francisco,CA,94105,825000,1,1.0,San Francisco,850,12409,2010,13,971,1342,Active,,,https://www.redfin.com/CA/San-Francisco/1-Hawthorne-St-94105/unit-7D/home/40138668,San Francisco MLS,423721674,N,Y,37.7857425,-122.3988969
MLS Listing,,Single Family Residential,2331 31st Ave,San Francisco,CA,94116,1195000,2,1.0,San Francisco,,4080,1926,13,,,Active,,,https://www.redfin.com/CA/San-Francisco/2331-31st-Ave-94116/home/1493823,San Francisco MLS,423718417,N,Y,37.7436969,-122.4889234
MLS Listing,,Vacant Land,820 Post St,San Francisco,CA,94109,2150000,,,San Francisco,,2395,,13,,,Active,,,https://www.redfin.com/CA/San-Francisco/820-Post-St-94109/home/177116765,San Francisco MLS,423721627,N,Y,37.7875904,-122.4154684
MLS Listing,,Single Family Residential,28 Sussex St,San Francisco,CA,94131,2000000,3,2.5,San Francisco,1677,2500,1977,13,1193,,Active,,,https://www.redfin.com/CA/San-Francisco/28-Sussex-St-94131/home/2002036,San Francisco MLS,423715394,N,Y,37.7362634,-122.4331323
MLS Listing,,Single Family Residential,1266 15th Ave,San Francisco,CA,94122,1690000,4,2.0,SAN FRANCISCO,2432,3188,1923,13,695,,Active,,,https://www.redfin.com/CA/San-Francisco/1266-15th-Ave-94122/home/912420,MLSListings,ML81918922,N,Y,37.7643934,-122.4725045
MLS Listing,,Multi-Family (5+ Unit),650 Gough St,San Francisco,CA,94102,6995000,0,,San Francisco,18050,6600,1912,13,388,,Active,,,https://www.redfin.com/CA/San-Francisco/650-Gough-St-94102/home/1079324,San Francisco MLS,423721588,N,Y,37.7795727,-122.423355
MLS Listing,,Condo/Co-op,2546 3rd St #5,San Francisco,CA,94107,1550000,3,2.5,San Francisco,1585,4159,2002,13,978,840,Active,,,https://www.redfin.com/CA/San-Francisco/2546-3rd-St-94107/unit-5/home/12399536,San Francisco MLS,423721577,N,Y,37.7572285,-122.3884525
MLS Listing,,Condo/Co-op,403 Main St Unit 803N,San Francisco,CA,94105,1349000,3,2.0,San Francisco,1360,29037,1997,13,992,1008,Active,,,https://www.redfin.com/CA/San-Francisco/403-Main-St-94105/unit-803N/home/726316,San Francisco MLS,423720559,N,Y,37.7880767,-122.3896032
MLS Listing,,Single Family Residential,2830 Pacific Ave,San Francisco,CA,94115,35000000,6,7.0,San Francisco,9625,9408,1910,13,3636,,Active,,,https://www.redfin.com/CA/San-Francisco/2830-Pacific-Ave-94115/home/585940,San Francisco MLS,423721156,N,Y,37.7926258,-122.4423446
MLS Listing,,Single Family Residential,121 Junipero Serra Blvd,San Francisco,CA,94127,5490000,5,4.0,SAN FRANCISCO,5142,10797,1924,13,1068,93,Active,,,https://www.redfin.com/CA/San-Francisco/121-Junipero-Serra-Blvd-94127/home/1532974,MLSListings,ML81918078,N,Y,37.7328947,-122.4710271
MLS Listing,,Multi-Family (2-4 Unit),613 York St,San Francisco,CA,94110,2499000,4,3.0,San Francisco,3186,2500,1900,13,784,,Active,,,https://www.redfin.com/CA/San-Francisco/613-York-St-94110/home/114079712,San Francisco MLS,423720304,N,Y,37.7614604,-122.4089198
MLS Listing,,Townhouse,34 Topaz Way,San Francisco,CA,94131,1699000,3,2.5,San Francisco,,1759,1968,13,,,Active,March-4-2023 02:00 PM,March-4-2023 04:00 PM,https://www.redfin.com/CA/San-Francisco/34-Topaz-Way-94131/home/1972515,San Francisco MLS,423715752,N,Y,37.7421814,-122.4373791
MLS Listing,,Single Family Residential,66 Bishop St,San Francisco,CA,94134,799000,1,1.0,San Francisco,480,2500,1922,13,1665,,Active,,,https://www.redfin.com/CA/San-Francisco/66-Bishop-St-94134/home/1807745,San Francisco MLS,423718941,N,Y,37.7182479,-122.4045501
MLS Listing,,Single Family Residential,266 Curtis St,San Francisco,CA,94112,2200000,4,3.5,San Francisco,2185,4325,,13,1007,,Active,,,https://www.redfin.com/CA/San-Francisco/266-Curtis-St-94112/home/1986425,San Francisco MLS,423718391,N,Y,37.7106547,-122.4387394
MLS Listing,,Multi-Family (5+ Unit),725 Hyde St,San Francisco,CA,94109,2400000,,,SAN FRANCISCO,7520,1650,1925,14,319,,Active,,,https://www.redfin.com/CA/San-Francisco/725-Hyde-St-94109/home/1010025,MLSListings,ML81918852,N,Y,37.7876117,-122.4169728
MLS Listing,,Multi-Family (2-4 Unit),4487 - 4489 Mission St,San Francisco,CA,94112,1350000,2,,San Francisco,2900,2086,1906,14,466,,Active,,,https://www.redfin.com/CA/San-Francisco/4487-Mission-St-94112/home/773382,San Francisco MLS,423721470,N,Y,37.7263467,-122.4332355
MLS Listing,,Condo/Co-op,262 3rd Ave Unit A,San Francisco,CA,94118,825000,2,1.0,San Francisco,797,3003,1903,14,1035,166,Active,,,https://www.redfin.com/CA/San-Francisco/262-3rd-Ave-94118/unit-A/home/184274217,San Francisco MLS,423718626,N,Y,37.7838018,-122.4609287
MLS Listing,,Multi-Family (2-4 Unit),137 Steiner St,San Francisco,CA,94117,1698000,7,5.5,SAN FRANCISCO,2887,2278,1900,14,588,,Active,March-5-2023 01:00 PM,March-5-2023 04:00 PM,https://www.redfin.com/CA/San-Francisco/137-Steiner-St-94117/home/1999371,MLSListings,ML81918830,N,Y,37.7704276,-122.4320714
MLS Listing,,Condo/Co-op,27 Morrell St,San Francisco,CA,94109,799000,2,1.0,San Francisco,,1337,1923,14,,,Active,,,https://www.redfin.com/CA/San-Francisco/27-Morrell-St-94109/home/184271573,San Francisco MLS,423719278,N,Y,37.7957553,-122.4193509
MLS Listing,,Multi-Family (2-4 Unit),1526 Anza St,San Francisco,CA,94118,1798000,1,,San Francisco,2160,2500,1908,14,832,,Active,,,https://www.redfin.com/CA/San-Francisco/1526-Anza-St-94118/home/614884,"bridgeMLS, Bay East AOR, or Contra Costa AOR",41019225,N,Y,37.7792476,-122.4647021
MLS Listing,,Multi-Family (5+ Unit),273 Filbert St,San Francisco,CA,94133,1995000,5,4.0,San Francisco,3150,1498,1912,14,633,,Active,,,https://www.redfin.com/CA/San-Francisco/273-Filbert-St-94133/home/1506324,San Francisco MLS,423719870,N,Y,37.8019088,-122.4041567
MLS Listing,,Multi-Family (2-4 Unit),4606 Cabrillo St,San Francisco,CA,94121,2150000,7,2.0,San Francisco,3520,2395,1973,14,611,,Active,,,https://www.redfin.com/CA/San-Francisco/4606-Cabrillo-St-94121/home/622189,San Francisco MLS,423714668,N,Y,37.7735355,-122.508212
MLS Listing,,Condo/Co-op,10 Innes Ct #304,San Francisco,CA,94124,719000,2,2.0,San Francisco,1020,,2018,14,705,722,Active,,,https://www.redfin.com/CA/San-Francisco/10-Innes-Ct-94124/unit-304/home/169576572,"bridgeMLS, Bay East AOR, or Contra Costa AOR",41019215,N,Y,37.7280682,-122.3679965
MLS Listing,,Condo/Co-op,451 Kansas St #416,San Francisco,CA,94107,420516,1,1.0,San Francisco,693,80311,2007,14,607,585,Active,February-28-2023 05:00 PM,February-28-2023 07:00 PM,https://www.redfin.com/CA/San-Francisco/451-Kansas-St-94107/unit-416/home/23424295,San Francisco MLS,423721329,N,Y,37.7637484,-122.4027468
MLS Listing,,Single Family Residential,1383 Revere Ave,San Francisco,CA,94124,1133333,2,2.0,San Francisco,1648,2495,1910,14,688,,Active,,,https://www.redfin.com/CA/San-Francisco/1383-Revere-Ave-94124/home/1406140,BAREIS,423721342,N,Y,37.7292245,-122.386306
MLS Listing,,Condo/Co-op,1347 Hayes St,San Francisco,CA,94117,1195000,5,3.0,San Francisco,2027,3436,1885,15,590,400,Active,,,https://www.redfin.com/CA/San-Francisco/1347-Hayes-St-94117/home/1225261,San Francisco MLS,423721287,N,Y,37.7747698,-122.4385899
MLS Listing,,Single Family Residential,673 Andover St,San Francisco,CA,94110,999000,3,1.0,San Francisco,1200,1850,1906,15,833,,Active,,,https://www.redfin.com/CA/San-Francisco/673-Andover-St-94110/home/2011613,San Francisco MLS,423721278,N,Y,37.7351549,-122.4166299
MLS Listing,,Single Family Residential,3212 Jackson St,San Francisco,CA,94118,9800000,7,7.0,San Francisco,6101,3831,1906,15,1606,,Active,,,https://www.redfin.com/CA/San-Francisco/3212-Jackson-St-94118/home/1953533,San Francisco MLS,422711742,N,Y,37.7910061,-122.4480287
MLS Listing,,Condo/Co-op,400 Beale St #2103,San Francisco,CA,94105,1495000,2,2.0,San Francisco,1074,27581,2001,15,1392,1091,Active,,,https://www.redfin.com/CA/San-Francisco/400-Beale-St-94105/unit-2103/home/12399999,San Francisco MLS,423721245,N,Y,37.7870715,-122.3909973
MLS Listing,,Condo/Co-op,950 Tennessee St #310,San Francisco,CA,94107,1595000,2,2.0,San Francisco,1224,36098,2020,15,1303,698,Active,March-1-2023 04:30 PM,March-1-2023 06:00 PM,https://www.redfin.com/CA/San-Francisco/950-Tennessee-St-94107/unit-310/home/177206385,San Francisco MLS,423714444,N,Y,37.7596747,-122.3898245
MLS Listing,,Condo/Co-op,2737 Bush St,San Francisco,CA,94115,1295000,2,2.0,San Francisco,1123,5156,1910,15,1153,574,Active,,,https://www.redfin.com/CA/San-Francisco/2737-Bush-St-94115/home/39544312,BAREIS,423713894,N,Y,37.7857241,-122.4423101
MLS Listing,,Condo/Co-op,580 Hayes St #504,San Francisco,CA,94102,1095000,1,1.0,San Francisco,,,2018,15,,652,Active,,,https://www.redfin.com/CA/San-Francisco/580-Hayes-St-94102/unit-504/home/167260957,San Francisco MLS,423717063,N,Y,37.7767079,-122.4259839
MLS Listing,,Multi-Family (2-4 Unit),72 - 74 Eureka St,San Francisco,CA,94114,1800000,0,,San Francisco,2600,3123,1910,15,692,,Active,,,https://www.redfin.com/CA/San-Francisco/72-Eureka-St-94114/home/1911076,San Francisco MLS,423721207,N,Y,37.7612032,-122.4386351
MLS Listing,,Condo/Co-op,201 Folsom St Unit 42AB,San Francisco,CA,94105,4995000,2,2.5,San Francisco,2476,,2016,15,2017,2615,Active,,,https://www.redfin.com/CA/San-Francisco/201-Folsom-St-94105/unit-42AB/home/178288346,San Francisco MLS,422712314,N,Y,37.786722,-122.3953561
MLS Listing,,Single Family Residential,2900 Scott St,San Francisco,CA,94123,9500000,7,6.0,San Francisco,6670,5191,1909,15,1424,,Active,,,https://www.redfin.com/CA/San-Francisco/2900-Scott-St-94123/home/1707827,San Francisco MLS,423721159,N,Y,37.7967497,-122.4403098
MLS Listing,,Multi-Family (2-4 Unit),4427 - 4429 19th St,San Francisco,CA,94114,1695000,5,4.0,San Francisco,2050,,,15,827,,Active,,,https://www.redfin.com/CA/San-Francisco/4427-19th-St-94114/home/184247691,San Francisco MLS,423721154,N,Y,37.7588647,-122.4387188
MLS Listing,,Condo/Co-op,888 7th St #241,San Francisco,CA,94107,570000,0,1.0,San Francisco,,95280,2007,15,,375,Active,,,https://www.redfin.com/CA/San-Francisco/888-7th-St-94107/unit-241/home/17306013,San Francisco MLS,423719276,N,Y,37.7705534,-122.4004057
MLS Listing,,Multi-Family (5+ Unit),1069 Capp St,San Francisco,CA,94110,1995000,5,4.0,San Francisco,3737,2777,,15,534,,Active,,,https://www.redfin.com/CA/San-Francisco/1069-Capp-St-94110/home/109464713,San Francisco MLS,423721120,N,Y,37.7496153,-122.4169285
MLS Listing,,Condo/Co-op,246 2nd St #1701,San Francisco,CA,94105,3499000,3,3.0,San Francisco,2905,12933,2000,15,1204,1682,Active,March-5-2023 02:00 PM,March-5-2023 04:00 PM,https://www.redfin.com/CA/San-Francisco/246-2nd-St-94105/unit-1701/home/1505786,San Francisco MLS,423718709,N,Y,37.7858817,-122.3974144
MLS Listing,,Condo/Co-op,776 Tehama St #12,San Francisco,CA,94103,495000,1,1.0,San Francisco,,5886,2006,15,,614,Active,,,https://www.redfin.com/CA/San-Francisco/776-Tehama-St-94103/unit-12/home/12402167,San Francisco MLS,423719273,N,Y,37.7749615,-122.4123732
MLS Listing,,Condo/Co-op,2241 Leavenworth St,San Francisco,CA,94133,1895000,3,2.0,San Francisco,1640,2680,1907,15,1155,375,Active,,,https://www.redfin.com/CA/San-Francisco/2241-Leavenworth-St-94133/home/12173962,San Francisco MLS,423721139,N,Y,37.8019151,-122.4181003
MLS Listing,,Condo/Co-op,1598 Bay St #400,San Francisco,CA,94123,2349000,3,2.5,San Francisco,1382,12541,2018,15,1700,1173,Active,,,https://www.redfin.com/CA/San-Francisco/1598-Bay-St-94123/unit-400/home/169565514,San Francisco MLS,423721061,N,Y,37.8033848,-122.433077
MLS Listing,,Condo/Co-op,1300 22nd St #304,San Francisco,CA,94107,395945,1,1.0,San Francisco,672,320000,2016,15,589,675,Active,March-1-2023 05:00 PM,March-1-2023 07:00 PM,https://www.redfin.com/CA/San-Francisco/1300-22nd-St-94107/unit-304/home/167315250,San Francisco MLS,423721127,N,Y,37.7578379,-122.3944714
MLS Listing,,Single Family Residential,31 Aladdin Ter,San Francisco,CA,94133,5850000,4,4.5,San Francisco,3665,,2023,15,1596,250,Active,March-5-2023 02:00 PM,March-5-2023 04:00 PM,https://www.redfin.com/CA/San-Francisco/31-Aladdin-Ter-94133/home/184246721,San Francisco MLS,423720053,N,Y,37.8002623,-122.4137424
MLS Listing,,Condo/Co-op,2942 22nd St,San Francisco,CA,94110,799000,2,1.0,San Francisco,,2273,1909,15,,649,Active,,,https://www.redfin.com/CA/San-Francisco/2942-22nd-St-94110/home/12548748,San Francisco MLS,423720729,N,Y,37.7559596,-122.4131537
MLS Listing,,Single Family Residential,15 Buena Vista Ter,San Francisco,CA,94117,7950000,5,4.5,San Francisco,7138,5000,1917,15,1114,,Active,,,https://www.redfin.com/CA/San-Francisco/15-Buena-Vista-Ter-94117/home/12277172,San Francisco MLS,423717571,N,Y,37.7687866,-122.4381201
MLS Listing,,Condo/Co-op,1788 Clay St #805,San Francisco,CA,94109,825000,1,1.0,San Francisco,671,,2014,15,1230,757,Active,,,https://www.redfin.com/CA/San-Francisco/1788-Clay-St-94109/unit-805/home/110051409,San Francisco MLS,423721086,N,Y,37.7924083,-122.4222732
MLS Listing,,Single Family Residential,1230 Girard St,San Francisco,CA,94134,999000,5,2.0,San Francisco,1435,2996,1928,17,696,,Active,,,https://www.redfin.com/CA/San-Francisco/1230-Girard-St-94134/home/781633,San Francisco MLS,423721044,N,Y,37.7172686,-122.4007333
MLS Listing,,Multi-Family (2-4 Unit),1400 Mission St,San Francisco,CA,94103,559000,2,1.5,San Francisco,780,24546,2015,17,717,545,Active,,,https://www.redfin.com/CA/San-Francisco/1400-Mission-St-94103/home/105308629,San Francisco MLS,423718313,N,Y,37.7753691,-122.4164734
MLS Listing,,Vacant Land,108 Roscoe St,San Francisco,CA,94110,750000,,,SAN FRANCISCO,,2495,,17,,,Active,,,https://www.redfin.com/CA/San-Francisco/108-Roscoe-St-94110/home/184236650,MLSListings,ML81918638,N,Y,37.733652,-122.419072
MLS Listing,,Multi-Family (2-4 Unit),630 - 632 Funston Ave,San Francisco,CA,94118,1950000,5,1.0,San Francisco,3688,3000,1910,17,529,,Active,,,https://www.redfin.com/CA/San-Francisco/630-Funston-Ave-94118/home/2016061,San Francisco MLS,423720835,N,Y,37.776285,-122.4711302
MLS Listing,,Vacant Land,106 Roscoe St,San Francisco,CA,94110,750000,,,SAN FRANCISCO,,2495,,17,,,Active,,,https://www.redfin.com/CA/San-Francisco/106-Roscoe-St-94110/home/40468084,MLSListings,ML81918633,N,Y,37.73372,-122.419066
MLS Listing,,Single Family Residential,1871 Green St,San Francisco,CA,94123,7575000,4,5.5,San Francisco,3508,3457,1885,17,2159,,Active,,,https://www.redfin.com/CA/San-Francisco/1871-Green-St-94123/home/1914821,San Francisco MLS,423720977,N,Y,37.7966765,-122.4298475
MLS Listing,,Single Family Residential,2146 47th Ave,San Francisco,CA,94116,1198000,3,3.0,San Francisco,1481,3000,1938,18,809,,Active,,,https://www.redfin.com/CA/San-Francisco/2146-47th-Ave-94116/home/1910682,San Francisco MLS,423720943,N,Y,37.7464296,-122.5057363
MLS Listing,,Condo/Co-op,974 Geneva Ave #2,San Francisco,CA,94112,995000,4,4.0,San Francisco,1505,2500,2020,18,661,375,Active,,,https://www.redfin.com/CA/San-Francisco/974-Geneva-Ave-94112/unit-2/home/179334638,San Francisco MLS,423720898,N,Y,37.7156715,-122.4401107
MLS Listing,,Condo/Co-op,875 Indiana St #424,San Francisco,CA,94107,899500,1,1.5,San Francisco,852,85458,2009,18,1056,555,Active,,,https://www.redfin.com/CA/San-Francisco/875-Indiana-St-94107/unit-424/home/40138801,San Francisco MLS,423720900,N,Y,37.7594668,-122.391108
MLS Listing,,Condo/Co-op,849 Noe St #5,San Francisco,CA,94114,895000,1,1.0,San Francisco,,2250,1960,18,,625,Active,,,https://www.redfin.com/CA/San-Francisco/849-Noe-St-94114/unit-5/home/184218791,San Francisco MLS,423720250,N,Y,37.7555856,-122.43211
MLS Listing,,Single Family Residential,482 Ellington Ave,San Francisco,CA,94112,936888,2,1.0,SAN FRANCISCO,1060,2495,1913,18,884,,Active,,,https://www.redfin.com/CA/San-Francisco/482-Ellington-Ave-94112/home/1544841,MLSListings,ML81918593,N,Y,37.7114859,-122.4479952
MLS Listing,,Condo/Co-op,2110 - A Pine St,San Francisco,CA,94115,799000,1,1.0,San Francisco,811,2461,1900,18,985,350,Active,,,https://www.redfin.com/CA/San-Francisco/2110A-Pine-St-94115/home/114077549,San Francisco MLS,423720813,N,Y,37.7885026,-122.4307009
MLS Listing,,Multi-Family (5+ Unit),1630 - 1634 Bush St,San Francisco,CA,94109,3650000,7,5.5,San Francisco,6741,2996,1900,18,541,,Active,,,https://www.redfin.com/CA/San-Francisco/1630-Bush-St-94109/home/184217054,San Francisco MLS,423714372,N,Y,37.7884631,-122.4242139
MLS Listing,,Single Family Residential,385 Eureka St,San Francisco,CA,94114,1875000,3,2.0,San Francisco,1329,1600,1922,18,1411,,Active,,,https://www.redfin.com/CA/San-Francisco/385-Eureka-St-94114/home/1596798,San Francisco MLS,423717482,N,Y,37.7562287,-122.4376777
MLS Listing,,Condo/Co-op,400 Avila St #301,San Francisco,CA,94123,1189000,2,1.0,San Francisco,830,,1991,18,1433,631,Active,,,https://www.redfin.com/CA/San-Francisco/400-Avila-St-94123/unit-301/home/148060387,San Francisco MLS,423720317,N,Y,37.805002,-122.4405752
MLS Listing,,Condo/Co-op,1688 Pine St Unit E302,San Francisco,CA,94109,1145000,2,2.0,San Francisco,989,35482,2016,18,1158,847,Active,,,https://www.redfin.com/CA/San-Francisco/1688-Pine-St-94109/unit-E302/home/104242189,San Francisco MLS,423720815,N,Y,37.7895497,-122.4233697
MLS Listing,,Condo/Co-op,2121 Mason St Unit A,San Francisco,CA,94133,1450000,1,1.5,San Francisco,1171,2326,1918,18,1238,,Active,,,https://www.redfin.com/CA/San-Francisco/2121-Mason-St-94133/unit-A/home/182780858,San Francisco MLS,423719674,N,Y,37.8031239,-122.413429
MLS Listing,,Multi-Family (2-4 Unit),3629 - 3631 Jackson St,San Francisco,CA,94118,6495000,3,2.5,San Francisco,2830,3214,1913,18,2295,,Active,,,https://www.redfin.com/CA/San-Francisco/3629-Jackson-St-94118/home/849816,San Francisco MLS,423720538,N,Y,37.7897445,-122.4546634
MLS Listing,,Condo/Co-op,269 Chattanooga St Unit A,San Francisco,CA,94114,2195000,3,2.5,San Francisco,2300,2048,,18,954,,Active,,,https://www.redfin.com/CA/San-Francisco/269-Chattanooga-St-94114/unit-A/home/184216466,BAREIS,423719956,N,Y,37.7523203,-122.4261816
MLS Listing,,Multi-Family (2-4 Unit),1307 - 1309 Waller St,San Francisco,CA,94117,2500000,4,,San Francisco,,2321,1908,18,,,Active,,,https://www.redfin.com/CA/San-Francisco/1307-Waller-St-94117/home/1000465,MetroList,423719915,N,Y,37.7690309,-122.445324
MLS Listing,,Condo/Co-op,388 Fulton St #510,San Francisco,CA,94102,498000,0,1.0,SAN FRANCISCO,347,,2016,18,1435,467,Active,,,https://www.redfin.com/CA/San-Francisco/388-Fulton-St-94102/unit-510/home/109689311,MLSListings,ML81918550,N,Y,37.7790326,-122.4231449
MLS Listing,,Condo/Co-op,550 Davis St #44,San Francisco,CA,94111,1950000,3,2.0,San Francisco,1520,83732,1981,18,1283,1401,Active,,,https://www.redfin.com/CA/San-Francisco/550-Davis-St-94111/unit-44/home/1876574,San Francisco MLS,423719473,N,Y,37.797573,-122.3982752
MLS Listing,,Condo/Co-op,690 Chestnut St #109,San Francisco,CA,94133,799000,1,1.0,San Francisco,684,17644,1995,18,1168,644,Active,March-4-2023 02:00 PM,March-4-2023 04:00 PM,https://www.redfin.com/CA/San-Francisco/690-Chestnut-St-94133/unit-109/home/1958170,San Francisco MLS,423720574,N,Y,37.803839,-122.414563
MLS Listing,,Condo/Co-op,502 Wisconsin St,San Francisco,CA,94107,969000,2,2.0,SAN FRANCISCO,1050,,1978,18,923,975,Active,,,https://www.redfin.com/CA/San-Francisco/502-Wisconsin-St-94107/home/735992,MLSListings,ML81918529,N,Y,37.7610091,-122.3995979
MLS Listing,,Vacant Land,153 Arkansas St,San Francisco,CA,94107,1598000,,,San Francisco,,2495,,18,,,Active,,,https://www.redfin.com/CA/San-Francisco/153-Arkansas-St-94107/home/1791751,San Francisco MLS,423720724,N,Y,37.7642303,-122.3984211
MLS Listing,,Multi-Family (2-4 Unit),1338 - 1340 17th Ave,San Francisco,CA,94122,1698000,4,2.0,San Francisco,2500,2996,1946,18,679,,Active,,,https://www.redfin.com/CA/San-Francisco/1338-17th-Ave-94122/home/1628593,San Francisco MLS,423720719,N,Y,37.7629311,-122.4746436
MLS Listing,,Condo/Co-op,280 Spear St Unit 21D,San Francisco,CA,94105,1530000,2,2.0,San Francisco,1046,47916,2022,18,1463,1301,Active,,,https://www.redfin.com/CA/San-Francisco/280-Spear-St-94105/unit-21D/home/178974563,San Francisco MLS,423720708,N,Y,37.7901615,-122.3913352
MLS Listing,,Condo/Co-op,1 Daniel Burnham Ct #217,San Francisco,CA,94109,695000,1,1.0,San Francisco,732,46157,1988,18,949,945,Active,March-5-2023 01:00 PM,March-5-2023 03:00 PM,https://www.redfin.com/CA/San-Francisco/1-Daniel-Burnham-Ct-94109/unit-217/home/1882844,San Francisco MLS,423720398,N,Y,37.786783,-122.4219061
MLS Listing,,Single Family Residential,100 Brentwood Ave,San Francisco,CA,94127,3200000,4,4.0,SAN FRANCISCO,3624,4046,1929,19,883,2,Active,,,https://www.redfin.com/CA/San-Francisco/100-Brentwood-Ave-94127/home/1985528,MLSListings,ML81918498,N,Y,37.7343245,-122.4568306
MLS Listing,,Condo/Co-op,601 Van Ness Ave #328,San Francisco,CA,94102,399000,1,1.0,SAN FRANCISCO,470,,1982,19,849,955,Active,,,https://www.redfin.com/CA/San-Francisco/601-Van-Ness-Ave-94102/unit-328/home/1948245,MLSListings,ML81918487,N,Y,37.7811165,-122.4213309
MLS Listing,,Condo/Co-op,1322 Lyon St,San Francisco,CA,94115,1300000,3,1.0,San Francisco,1676,3072,1900,19,776,600,Active,,,https://www.redfin.com/CA/San-Francisco/1322-Lyon-St-94115/home/2023670,San Francisco MLS,423720670,N,Y,37.783141,-122.444213
MLS Listing,,Multi-Family (2-4 Unit),201 - 205 Coleridge St,San Francisco,CA,94110,1895000,6,3.0,San Francisco,3870,1750,1911,19,490,,Active,,,https://www.redfin.com/CA/San-Francisco/201-Coleridge-St-94110/home/761920,San Francisco MLS,423714306,N,Y,37.7424933,-122.4202422
MLS Listing,,Condo/Co-op,633 29th Ave,San Francisco,CA,94121,1295000,3,2.0,San Francisco,1600,2996,1961,19,809,309,Active,,,https://www.redfin.com/CA/San-Francisco/633-29th-Ave-94121/home/51668905,San Francisco MLS,423720470,N,Y,37.7772964,-122.4889769
MLS Listing,,Condo/Co-op,631 29th Ave,San Francisco,CA,94121,1280000,3,2.0,San Francisco,1600,2996,1961,19,800,309,Active,,,https://www.redfin.com/CA/San-Francisco/631-29th-Ave-94121/home/618360,San Francisco MLS,423720454,N,Y,37.7772549,-122.4891518
MLS Listing,,Condo/Co-op,4397 24th St,San Francisco,CA,94114,1250000,2,2.0,San Francisco,1196,7150,1913,19,1045,544,Active,,,https://www.redfin.com/CA/San-Francisco/4397-24th-St-94114/home/184201361,San Francisco MLS,423720373,N,Y,37.7507474,-122.4403889
MLS Listing,,Single Family Residential,416 Teresita Blvd,San Francisco,CA,94127,1499000,2,1.0,San Francisco,1300,3314,,19,1153,,Active,March-5-2023 02:00 PM,March-5-2023 04:00 PM,https://www.redfin.com/CA/San-Francisco/416-Teresita-Blvd-94127/home/1326047,San Francisco MLS,423720188,N,Y,37.7404032,-122.4491787
MLS Listing,,Condo/Co-op,533 Oak St,San Francisco,CA,94102,899000,3,1.0,San Francisco,1282,2178,1900,19,701,475,Active,,,https://www.redfin.com/CA/San-Francisco/533-Oak-St-94102/home/182700392,San Francisco MLS,422712817,N,Y,37.774108,-122.42814
MLS Listing,,Multi-Family (5+ Unit),868 Shotwell St,San Francisco,CA,94110,1750000,0,,San Francisco,4137,3680,1905,19,423,,Active,March-7-2023 02:00 PM,March-7-2023 04:00 PM,https://www.redfin.com/CA/San-Francisco/868-Shotwell-St-94110/home/1993453,San Francisco MLS,423720522,N,Y,37.7545254,-122.4157339
MLS Listing,,Single Family Residential,2046 Filbert St,San Francisco,CA,94123,5485000,3,4.0,San Francisco,3543,1821,1928,19,1548,,Active,,,https://www.redfin.com/CA/San-Francisco/2046-Filbert-St-94123/home/562519,San Francisco MLS,423720086,N,Y,37.7985185,-122.4332437
MLS Listing,,Condo/Co-op,1158 Sutter St #8,San Francisco,CA,94109,849000,2,2.0,San Francisco,810,6000,2008,19,1048,761,Active,,,https://www.redfin.com/CA/San-Francisco/1158-Sutter-St-94109/unit-8/home/21965698,San Francisco MLS,423720394,N,Y,37.7880227,-122.4195931
MLS Listing,,Condo/Co-op,1163 - 1169 Alabama St Unit 1169A,San Francisco,CA,94110,749000,2,1.0,San Francisco,1039,3946,1900,19,721,462,Active,,,https://www.redfin.com/CA/San-Francisco/1163-Alabama-St-94110/unit-1169A/home/184198292,San Francisco MLS,422712979,N,Y,37.7532704,-122.410741
MLS Listing,,Condo/Co-op,3324 - 3330 19th St Unit 3326A,San Francisco,CA,94110,785000,3,2.0,San Francisco,896,2696,,19,876,500,Active,,,https://www.redfin.com/CA/San-Francisco/3324-19th-St-94110/unit-3326A/home/184197666,San Francisco MLS,423717884,N,Y,37.7605405,-122.417664
MLS Listing,,Single Family Residential,690 40th Ave,San Francisco,CA,94121,1389000,2,1.0,San Francisco,975,2063,1920,19,1425,,Active,,,https://www.redfin.com/CA/San-Francisco/690-40th-Ave-94121/home/1899550,San Francisco MLS,423720447,N,Y,37.7757967,-122.5003096
MLS Listing,,Condo/Co-op,6 Mint Plz #900,San Francisco,CA,94103,4500000,3,3.5,San Francisco,3520,5738,1900,19,1278,3076,Active,,,https://www.redfin.com/CA/San-Francisco/6-Mint-Plz-94103/unit-900/home/110055749,San Francisco MLS,423720193,N,Y,37.7830273,-122.4078637
MLS Listing,,Townhouse,3491 Balboa St #2,San Francisco,CA,94121,1990000,4,3.5,San Francisco,1801,5174,2023,19,1105,597,Active,March-5-2023 02:00 PM,March-5-2023 03:30 PM,https://www.redfin.com/CA/San-Francisco/3491-Balboa-St-94121/unit-2/home/184190376,San Francisco MLS,423720416,N,Y,37.7756124,-122.496078
MLS Listing,,Condo/Co-op,1045 Mason St #302,San Francisco,CA,94108,1995000,2,2.5,San Francisco,1961,8279,1993,19,1017,1620,Active,,,https://www.redfin.com/CA/San-Francisco/1045-Mason-St-94108/unit-302/home/548245,San Francisco MLS,423719959,N,Y,37.793232,-122.411466
MLS Listing,,Townhouse,18 Summit Way,San Francisco,CA,94132,1450000,3,3.0,Lake Merced,2058,1277,2015,20,705,320,Active,,,https://www.redfin.com/CA/San-Francisco/18-Summit-Way-94132/home/110051727,"bridgeMLS, Bay East AOR, or Contra Costa AOR",41018819,N,Y,37.7145486,-122.4744654
MLS Listing,,Single Family Residential,591 18th Ave,San Francisco,CA,94121,2975000,4,4.5,San Francisco,2790,2060,1911,20,1066,,Active,,,https://www.redfin.com/CA/San-Francisco/591-18th-Ave-94121/home/615606,San Francisco MLS,423720270,N,Y,37.7768583,-122.4771729
MLS Listing,,Multi-Family (2-4 Unit),2264 Hyde St,San Francisco,CA,94109,3950000,5,4.5,San Francisco,4200,1258,1914,20,940,,Active,,,https://www.redfin.com/CA/San-Francisco/2264-Hyde-St-94109/home/2012478,San Francisco MLS,423720298,N,Y,37.8018522,-122.4194395
MLS Listing,,Condo/Co-op,950 Harrison St #104,San Francisco,CA,94107,995000,2,2.5,San Francisco,1403,23929,2000,20,709,729,Active,,,https://www.redfin.com/CA/San-Francisco/950-Harrison-St-94107/unit-104/home/12396846,San Francisco MLS,423719287,N,Y,37.7784266,-122.4033221
MLS Listing,,Condo/Co-op,301 Main St Unit 28E,San Francisco,CA,94105,2595000,3,2.5,San Francisco,1765,76210,2008,20,1470,1297,Active,,,https://www.redfin.com/CA/San-Francisco/301-Main-St-94105/unit-28E/home/21966916,San Francisco MLS,423720192,N,Y,37.7895974,-122.3911965
MLS Listing,,Condo/Co-op,288 Pacific Ave Unit 5D,San Francisco,CA,94111,2185000,2,1.5,San Francisco,1179,11802,2018,20,1853,1561,Active,March-5-2023 02:00 PM,March-5-2023 04:00 PM,https://www.redfin.com/CA/San-Francisco/288-Pacific-Ave-94111/unit-5D/home/169565108,San Francisco MLS,423718352,N,Y,37.7979389,-122.4007382
MLS Listing,,Condo/Co-op,2601 Union St #2601,San Francisco,CA,94123,4750000,4,3.5,San Francisco,3570,2368,1908,20,1331,,Active,,,https://www.redfin.com/CA/San-Francisco/2601-Union-St-94123/unit-2601/home/183054986,BAREIS,423720187,N,Y,37.7961218,-122.4423381
MLS Listing,,Single Family Residential,2601 Union St,San Francisco,CA,94123,6150000,5,5.0,San Francisco,4695,2368,1908,20,1310,,Active,March-5-2023 02:00 PM,March-5-2023 04:00 PM,https://www.redfin.com/CA/San-Francisco/2601-Union-St-94123/home/1998433,BAREIS,423720164,N,Y,37.7961218,-122.4423381
MLS Listing,,Multi-Family (2-4 Unit),1102 - 1104 York St,San Francisco,CA,94110,5500000,2,,San Francisco,14950,10524,1900,20,368,,Active,,,https://www.redfin.com/CA/San-Francisco/1102-York-St-94110/home/184164965,San Francisco MLS,423718997,N,Y,37.7542855,-122.4084883
